-- MySQL dump 10.13  Distrib 8.0.43, for Win64 (x86_64)
--
-- Host: localhost    Database: movly_db
-- ------------------------------------------------------
-- Server version	8.0.43

/*!40101 SET @OLD_CHARACTER_SET_CLIENT=@@CHARACTER_SET_CLIENT */;
/*!40101 SET @OLD_CHARACTER_SET_RESULTS=@@CHARACTER_SET_RESULTS */;
/*!40101 SET @OLD_COLLATION_CONNECTION=@@COLLATION_CONNECTION */;
/*!50503 SET NAMES utf8 */;
/*!40103 SET @OLD_TIME_ZONE=@@TIME_ZONE */;
/*!40103 SET TIME_ZONE='+00:00' */;
/*!40014 SET @OLD_UNIQUE_CHECKS=@@UNIQUE_CHECKS, UNIQUE_CHECKS=0 */;
/*!40014 SET @OLD_FOREIGN_KEY_CHECKS=@@FOREIGN_KEY_CHECKS, FOREIGN_KEY_CHECKS=0 */;
/*!40101 SET @OLD_SQL_MODE=@@SQL_MODE, SQL_MODE='NO_AUTO_VALUE_ON_ZERO' */;
/*!40111 SET @OLD_SQL_NOTES=@@SQL_NOTES, SQL_NOTES=0 */;

--
-- Table structure for table `account_emailaddress`
--

DROP TABLE IF EXISTS `account_emailaddress`;
/*!40101 SET @saved_cs_client     = @@character_set_client */;
/*!50503 SET character_set_client = utf8mb4 */;
CREATE TABLE `account_emailaddress` (
  `id` int NOT NULL AUTO_INCREMENT,
  `email` varchar(254) COLLATE utf8mb4_unicode_ci NOT NULL,
  `verified` tinyint(1) NOT NULL,
  `primary` tinyint(1) NOT NULL,
  `user_id` bigint NOT NULL,
  PRIMARY KEY (`id`),
  UNIQUE KEY `account_emailaddress_user_id_email_987c8728_uniq` (`user_id`,`email`),
  KEY `account_emailaddress_email_03be32b2` (`email`),
  CONSTRAINT `account_emailaddress_user_id_2c513194_fk_users_id` FOREIGN KEY (`user_id`) REFERENCES `users` (`id`)
) ENGINE=InnoDB AUTO_INCREMENT=3 DEFAULT CHARSET=utf8mb4 COLLATE=utf8mb4_unicode_ci;
/*!40101 SET character_set_client = @saved_cs_client */;

--
-- Dumping data for table `account_emailaddress`
--

LOCK TABLES `account_emailaddress` WRITE;
/*!40000 ALTER TABLE `account_emailaddress` DISABLE KEYS */;
INSERT INTO `account_emailaddress` VALUES (1,'myhailobasarab@gmail.com',1,1,4),(2,'aprotibro@gmail.com',1,1,13);
/*!40000 ALTER TABLE `account_emailaddress` ENABLE KEYS */;
UNLOCK TABLES;

--
-- Table structure for table `account_emailconfirmation`
--

DROP TABLE IF EXISTS `account_emailconfirmation`;
/*!40101 SET @saved_cs_client     = @@character_set_client */;
/*!50503 SET character_set_client = utf8mb4 */;
CREATE TABLE `account_emailconfirmation` (
  `id` int NOT NULL AUTO_INCREMENT,
  `created` datetime(6) NOT NULL,
  `sent` datetime(6) DEFAULT NULL,
  `key` varchar(64) COLLATE utf8mb4_unicode_ci NOT NULL,
  `email_address_id` int NOT NULL,
  PRIMARY KEY (`id`),
  UNIQUE KEY `key` (`key`),
  KEY `account_emailconfirm_email_address_id_5b7f8c58_fk_account_e` (`email_address_id`),
  CONSTRAINT `account_emailconfirm_email_address_id_5b7f8c58_fk_account_e` FOREIGN KEY (`email_address_id`) REFERENCES `account_emailaddress` (`id`)
) ENGINE=InnoDB DEFAULT CHARSET=utf8mb4 COLLATE=utf8mb4_unicode_ci;
/*!40101 SET character_set_client = @saved_cs_client */;

--
-- Dumping data for table `account_emailconfirmation`
--

LOCK TABLES `account_emailconfirmation` WRITE;
/*!40000 ALTER TABLE `account_emailconfirmation` DISABLE KEYS */;
/*!40000 ALTER TABLE `account_emailconfirmation` ENABLE KEYS */;
UNLOCK TABLES;

--
-- Table structure for table `auth_group`
--

DROP TABLE IF EXISTS `auth_group`;
/*!40101 SET @saved_cs_client     = @@character_set_client */;
/*!50503 SET character_set_client = utf8mb4 */;
CREATE TABLE `auth_group` (
  `id` int NOT NULL AUTO_INCREMENT,
  `name` varchar(150) COLLATE utf8mb4_unicode_ci NOT NULL,
  PRIMARY KEY (`id`),
  UNIQUE KEY `name` (`name`)
) ENGINE=InnoDB DEFAULT CHARSET=utf8mb4 COLLATE=utf8mb4_unicode_ci;
/*!40101 SET character_set_client = @saved_cs_client */;

--
-- Dumping data for table `auth_group`
--

LOCK TABLES `auth_group` WRITE;
/*!40000 ALTER TABLE `auth_group` DISABLE KEYS */;
/*!40000 ALTER TABLE `auth_group` ENABLE KEYS */;
UNLOCK TABLES;

--
-- Table structure for table `auth_group_permissions`
--

DROP TABLE IF EXISTS `auth_group_permissions`;
/*!40101 SET @saved_cs_client     = @@character_set_client */;
/*!50503 SET character_set_client = utf8mb4 */;
CREATE TABLE `auth_group_permissions` (
  `id` bigint NOT NULL AUTO_INCREMENT,
  `group_id` int NOT NULL,
  `permission_id` int NOT NULL,
  PRIMARY KEY (`id`),
  UNIQUE KEY `auth_group_permissions_group_id_permission_id_0cd325b0_uniq` (`group_id`,`permission_id`),
  KEY `auth_group_permissio_permission_id_84c5c92e_fk_auth_perm` (`permission_id`),
  CONSTRAINT `auth_group_permissio_permission_id_84c5c92e_fk_auth_perm` FOREIGN KEY (`permission_id`) REFERENCES `auth_permission` (`id`),
  CONSTRAINT `auth_group_permissions_group_id_b120cbf9_fk_auth_group_id` FOREIGN KEY (`group_id`) REFERENCES `auth_group` (`id`)
) ENGINE=InnoDB DEFAULT CHARSET=utf8mb4 COLLATE=utf8mb4_unicode_ci;
/*!40101 SET character_set_client = @saved_cs_client */;

--
-- Dumping data for table `auth_group_permissions`
--

LOCK TABLES `auth_group_permissions` WRITE;
/*!40000 ALTER TABLE `auth_group_permissions` DISABLE KEYS */;
/*!40000 ALTER TABLE `auth_group_permissions` ENABLE KEYS */;
UNLOCK TABLES;

--
-- Table structure for table `auth_permission`
--

DROP TABLE IF EXISTS `auth_permission`;
/*!40101 SET @saved_cs_client     = @@character_set_client */;
/*!50503 SET character_set_client = utf8mb4 */;
CREATE TABLE `auth_permission` (
  `id` int NOT NULL AUTO_INCREMENT,
  `name` varchar(255) COLLATE utf8mb4_unicode_ci NOT NULL,
  `content_type_id` int NOT NULL,
  `codename` varchar(100) COLLATE utf8mb4_unicode_ci NOT NULL,
  PRIMARY KEY (`id`),
  UNIQUE KEY `auth_permission_content_type_id_codename_01ab375a_uniq` (`content_type_id`,`codename`),
  CONSTRAINT `auth_permission_content_type_id_2f476e4b_fk_django_co` FOREIGN KEY (`content_type_id`) REFERENCES `django_content_type` (`id`)
) ENGINE=InnoDB AUTO_INCREMENT=121 DEFAULT CHARSET=utf8mb4 COLLATE=utf8mb4_unicode_ci;
/*!40101 SET character_set_client = @saved_cs_client */;

--
-- Dumping data for table `auth_permission`
--

LOCK TABLES `auth_permission` WRITE;
/*!40000 ALTER TABLE `auth_permission` DISABLE KEYS */;
INSERT INTO `auth_permission` VALUES (1,'Can add log entry',1,'add_logentry'),(2,'Can change log entry',1,'change_logentry'),(3,'Can delete log entry',1,'delete_logentry'),(4,'Can view log entry',1,'view_logentry'),(5,'Can add permission',2,'add_permission'),(6,'Can change permission',2,'change_permission'),(7,'Can delete permission',2,'delete_permission'),(8,'Can view permission',2,'view_permission'),(9,'Can add group',3,'add_group'),(10,'Can change group',3,'change_group'),(11,'Can delete group',3,'delete_group'),(12,'Can view group',3,'view_group'),(13,'Can add content type',4,'add_contenttype'),(14,'Can change content type',4,'change_contenttype'),(15,'Can delete content type',4,'delete_contenttype'),(16,'Can view content type',4,'view_contenttype'),(17,'Can add session',5,'add_session'),(18,'Can change session',5,'change_session'),(19,'Can delete session',5,'delete_session'),(20,'Can view session',5,'view_session'),(21,'Can add Курс',6,'add_course'),(22,'Can change Курс',6,'change_course'),(23,'Can delete Курс',6,'delete_course'),(24,'Can view Курс',6,'view_course'),(25,'Can add Вправа',7,'add_exercise'),(26,'Can change Вправа',7,'change_exercise'),(27,'Can delete Вправа',7,'delete_exercise'),(28,'Can view Вправа',7,'view_exercise'),(29,'Can add Урок',8,'add_lesson'),(30,'Can change Урок',8,'change_lesson'),(31,'Can delete Урок',8,'delete_lesson'),(32,'Can view Урок',8,'view_lesson'),(33,'Can add Спроба вправи',9,'add_userexerciseattempt'),(34,'Can change Спроба вправи',9,'change_userexerciseattempt'),(35,'Can delete Спроба вправи',9,'delete_userexerciseattempt'),(36,'Can view Спроба вправи',9,'view_userexerciseattempt'),(37,'Can add Прогрес по уроку',10,'add_userlessonprogress'),(38,'Can change Прогрес по уроку',10,'change_userlessonprogress'),(39,'Can delete Прогрес по уроку',10,'delete_userlessonprogress'),(40,'Can view Прогрес по уроку',10,'view_userlessonprogress'),(41,'Can add Користувач',11,'add_customuser'),(42,'Can change Користувач',11,'change_customuser'),(43,'Can delete Користувач',11,'delete_customuser'),(44,'Can view Користувач',11,'view_customuser'),(45,'Can add Прогрес користувача',12,'add_userprogress'),(46,'Can change Прогрес користувача',12,'change_userprogress'),(47,'Can delete Прогрес користувача',12,'delete_userprogress'),(48,'Can view Прогрес користувача',12,'view_userprogress'),(49,'Can add Взаємодія з AI',13,'add_aiinteraction'),(50,'Can change Взаємодія з AI',13,'change_aiinteraction'),(51,'Can delete Взаємодія з AI',13,'delete_aiinteraction'),(52,'Can view Взаємодія з AI',13,'view_aiinteraction'),(53,'Can add Аналітика навчання',14,'add_learninganalytics'),(54,'Can change Аналітика навчання',14,'change_learninganalytics'),(55,'Can delete Аналітика навчання',14,'delete_learninganalytics'),(56,'Can view Аналітика навчання',14,'view_learninganalytics'),(57,'Can add Тест',15,'add_test'),(58,'Can change Тест',15,'change_test'),(59,'Can delete Тест',15,'delete_test'),(60,'Can view Тест',15,'view_test'),(61,'Can add Відповідь на питання тесту',16,'add_testanswer'),(62,'Can change Відповідь на питання тесту',16,'change_testanswer'),(63,'Can delete Відповідь на питання тесту',16,'delete_testanswer'),(64,'Can view Відповідь на питання тесту',16,'view_testanswer'),(65,'Can add Тип тесту',17,'add_testtype'),(66,'Can change Тип тесту',17,'change_testtype'),(67,'Can delete Тип тесту',17,'delete_testtype'),(68,'Can view Тип тесту',17,'view_testtype'),(69,'Can add Секція тесту',18,'add_testsection'),(70,'Can change Секція тесту',18,'change_testsection'),(71,'Can delete Секція тесту',18,'delete_testsection'),(72,'Can view Секція тесту',18,'view_testsection'),(73,'Can add Питання тесту',19,'add_testquestion'),(74,'Can change Питання тесту',19,'change_testquestion'),(75,'Can delete Питання тесту',19,'delete_testquestion'),(76,'Can view Питання тесту',19,'view_testquestion'),(77,'Can add Спроба тесту',20,'add_testattempt'),(78,'Can change Спроба тесту',20,'change_testattempt'),(79,'Can delete Спроба тесту',20,'delete_testattempt'),(80,'Can view Спроба тесту',20,'view_testattempt'),(81,'Can add site',21,'add_site'),(82,'Can change site',21,'change_site'),(83,'Can delete site',21,'delete_site'),(84,'Can view site',21,'view_site'),(85,'Can add email address',22,'add_emailaddress'),(86,'Can change email address',22,'change_emailaddress'),(87,'Can delete email address',22,'delete_emailaddress'),(88,'Can view email address',22,'view_emailaddress'),(89,'Can add email confirmation',23,'add_emailconfirmation'),(90,'Can change email confirmation',23,'change_emailconfirmation'),(91,'Can delete email confirmation',23,'delete_emailconfirmation'),(92,'Can view email confirmation',23,'view_emailconfirmation'),(93,'Can add social account',24,'add_socialaccount'),(94,'Can change social account',24,'change_socialaccount'),(95,'Can delete social account',24,'delete_socialaccount'),(96,'Can view social account',24,'view_socialaccount'),(97,'Can add social application',25,'add_socialapp'),(98,'Can change social application',25,'change_socialapp'),(99,'Can delete social application',25,'delete_socialapp'),(100,'Can view social application',25,'view_socialapp'),(101,'Can add social application token',26,'add_socialtoken'),(102,'Can change social application token',26,'change_socialtoken'),(103,'Can delete social application token',26,'delete_socialtoken'),(104,'Can view social application token',26,'view_socialtoken'),(105,'Can add Фінальний тест',27,'add_coursetest'),(106,'Can change Фінальний тест',27,'change_coursetest'),(107,'Can delete Фінальний тест',27,'delete_coursetest'),(108,'Can view Фінальний тест',27,'view_coursetest'),(109,'Can add Прогрес по курсу',28,'add_usercourseprogress'),(110,'Can change Прогрес по курсу',28,'change_usercourseprogress'),(111,'Can delete Прогрес по курсу',28,'delete_usercourseprogress'),(112,'Can view Прогрес по курсу',28,'view_usercourseprogress'),(113,'Can add Значок користувача',29,'add_userbadge'),(114,'Can change Значок користувача',29,'change_userbadge'),(115,'Can delete Значок користувача',29,'delete_userbadge'),(116,'Can view Значок користувача',29,'view_userbadge'),(117,'Can add Значок',30,'add_badge'),(118,'Can change Значок',30,'change_badge'),(119,'Can delete Значок',30,'delete_badge'),(120,'Can view Значок',30,'view_badge');
/*!40000 ALTER TABLE `auth_permission` ENABLE KEYS */;
UNLOCK TABLES;

--
-- Table structure for table `badges`
--

DROP TABLE IF EXISTS `badges`;
/*!40101 SET @saved_cs_client     = @@character_set_client */;
/*!50503 SET character_set_client = utf8mb4 */;
CREATE TABLE `badges` (
  `id` bigint NOT NULL AUTO_INCREMENT,
  `name` varchar(100) COLLATE utf8mb4_unicode_ci NOT NULL,
  `description` longtext COLLATE utf8mb4_unicode_ci NOT NULL,
  `icon` varchar(50) COLLATE utf8mb4_unicode_ci NOT NULL,
  `criteria_type` varchar(50) COLLATE utf8mb4_unicode_ci NOT NULL,
  `criteria_value` int NOT NULL,
  `created_at` datetime(6) NOT NULL,
  PRIMARY KEY (`id`)
) ENGINE=InnoDB AUTO_INCREMENT=26 DEFAULT CHARSET=utf8mb4 COLLATE=utf8mb4_unicode_ci;
/*!40101 SET character_set_client = @saved_cs_client */;

--
-- Dumping data for table `badges`
--

LOCK TABLES `badges` WRITE;
/*!40000 ALTER TABLE `badges` DISABLE KEYS */;
INSERT INTO `badges` VALUES (4,'XP Монстр','Досягнуто 5000 XP','fas fa-dragon','xp_reached',5000,'2026-02-12 08:40:21.673869'),(5,'Перші кроки','Ви додали свої перші 100 XP!','fas fa-baby','xp_reached',100,'2026-02-27 07:35:18.131889'),(6,'Справжній студент','Ви досягли 1000 XP!','fas fa-user-graduate','xp_reached',1000,'2026-02-27 07:35:18.142723'),(7,'Легенда','Ви досягли 10000 XP!','fas fa-fire','xp_reached',10000,'2026-02-27 07:35:18.146521'),(16,'Сертифікат: English Proficiency: Beginner (A1)','Ви успішно склали професійний тест \"English Proficiency: Beginner (A1)\"!','fas fa-award','test_completed',13,'2026-02-27 07:38:07.699098'),(17,'Сертифікат: English for Tourism and Hospitality','Ви успішно склали професійний тест \"English for Tourism and Hospitality\"!','fas fa-award','test_completed',12,'2026-02-27 07:38:07.702693'),(18,'Сертифікат: Wirtschaftsdeutsch: Führung und Management','Ви успішно склали професійний тест \"Wirtschaftsdeutsch: Führung und Management\"!','fas fa-award','test_completed',11,'2026-02-27 07:38:07.705320'),(19,'Сертифікат: Advanced IT Systems & Networking','Ви успішно склали професійний тест \"Advanced IT Systems & Networking\"!','fas fa-award','test_completed',10,'2026-02-27 07:38:07.707721'),(20,'Рання пташка','Тримай серію 3 дні поспіль','fas fa-clock','streak_reached',3,'2026-03-26 06:16:28.986056'),(21,'Затятий учень','Ти з нами вже тиждень! (7 днів)','fas fa-fire','streak_reached',7,'2026-03-26 06:16:29.012250'),(22,'Незламний','Місяць безперервного навчання (30 днів)','fas fa-dragon','streak_reached',30,'2026-03-26 06:16:29.015872'),(23,'Перші кроки','Виконано 10 вправ','fas fa-shoe-prints','exercise_count',10,'2026-03-26 06:16:29.019477'),(24,'Працелюб','Виконано 50 вправ','fas fa-hammer','exercise_count',50,'2026-03-26 06:16:29.022633'),(25,'Експерт вправ','Виконано 100 вправ','fas fa-brain','exercise_count',100,'2026-03-26 06:16:29.029478');
/*!40000 ALTER TABLE `badges` ENABLE KEYS */;
UNLOCK TABLES;

--
-- Table structure for table `course_tests`
--

DROP TABLE IF EXISTS `course_tests`;
/*!40101 SET @saved_cs_client     = @@character_set_client */;
/*!50503 SET character_set_client = utf8mb4 */;
CREATE TABLE `course_tests` (
  `id` bigint NOT NULL AUTO_INCREMENT,
  `title` varchar(200) COLLATE utf8mb4_unicode_ci NOT NULL,
  `description` longtext COLLATE utf8mb4_unicode_ci NOT NULL,
  `passing_score` int NOT NULL,
  `created_at` datetime(6) NOT NULL,
  `updated_at` datetime(6) NOT NULL,
  `course_id` bigint NOT NULL,
  PRIMARY KEY (`id`),
  UNIQUE KEY `course_id` (`course_id`),
  CONSTRAINT `course_tests_course_id_b139cf0f_fk_courses_id` FOREIGN KEY (`course_id`) REFERENCES `courses` (`id`)
) ENGINE=InnoDB AUTO_INCREMENT=24 DEFAULT CHARSET=utf8mb4 COLLATE=utf8mb4_unicode_ci;
/*!40101 SET character_set_client = @saved_cs_client */;

--
-- Dumping data for table `course_tests`
--

LOCK TABLES `course_tests` WRITE;
/*!40000 ALTER TABLE `course_tests` DISABLE KEYS */;
INSERT INTO `course_tests` VALUES (3,'Final Test: English for Travelers','Show what you have learned!',70,'2026-02-12 08:40:21.697019','2026-02-12 08:40:21.697019',9),(4,'Final Test: Business German Basics','Show what you have learned!',70,'2026-02-12 08:40:21.725748','2026-02-12 08:40:21.725748',10),(5,'Final Test: French Gastronomy 101','Show what you have learned!',70,'2026-02-12 08:40:21.754504','2026-02-12 08:40:21.754504',11),(6,'Final Test: Spanish Connection','Show what you have learned!',70,'2026-02-12 08:40:21.782332','2026-02-12 08:40:21.782332',12),(10,'Final Test: English Through Pop Culture','Final evaluation to complete the course.',80,'2026-03-26 11:37:56.312236','2026-03-26 11:37:56.312236',26),(11,'Final Test: Italiano: L\'arte e la Storia','Final evaluation to complete the course.',80,'2026-03-26 11:37:56.314273','2026-03-26 11:37:56.314273',25),(12,'Final Test: Deutsch: Oktoberfest Survival','Final evaluation to complete the course.',80,'2026-03-26 11:37:56.316425','2026-03-26 11:37:56.316425',24),(13,'Final Test: Français pour les Gourmets','Final evaluation to complete the course.',80,'2026-03-26 11:37:56.318957','2026-03-26 11:37:56.318957',23),(14,'Final Test: Español de la Calle','Final evaluation to complete the course.',80,'2026-03-26 11:37:56.320961','2026-03-26 11:37:56.320961',22),(15,'Final Test: Business English: Startup Pitch','Final evaluation to complete the course.',80,'2026-03-26 11:37:56.322506','2026-03-26 11:37:56.322506',21),(16,'Final Test: Français des Affaires','Final evaluation to complete the course.',80,'2026-03-26 11:37:56.326216','2026-03-26 11:37:56.326216',20),(17,'Final Test: Español para Viajes','Final evaluation to complete the course.',80,'2026-03-26 11:37:56.327726','2026-03-26 11:37:56.327726',19),(18,'Final Test: Deutsch im Alltag (А1-А2)','Final evaluation to complete the course.',80,'2026-03-26 11:37:56.330184','2026-03-26 11:37:56.330184',18),(19,'Final Test: English for IT Professionals','Final evaluation to complete the course.',80,'2026-03-26 11:37:56.333693','2026-03-26 11:37:56.333693',17),(20,'Final Test: Deutsch für Reisende (Німецька для мандрівників)','Final evaluation to complete the course.',80,'2026-03-26 11:37:56.338907','2026-03-26 11:37:56.338907',8),(21,'Final Test: English Grammar: The Hard Parts','Final evaluation to complete the course.',80,'2026-03-26 11:37:56.341237','2026-03-26 11:37:56.341237',7),(23,'Фінальний тест: Business English: Mastering Professionalism','Перевірте свої знання ділової англійської мови: від професійної лексики до ділового етикету та листування. Цей тест допоможе вам переконатися, що ви засвоїли всі ключові аспекти курсу.',80,'2026-03-29 10:01:37.259754','2026-03-29 10:01:37.259754',6);
/*!40000 ALTER TABLE `course_tests` ENABLE KEYS */;
UNLOCK TABLES;

--
-- Table structure for table `courses`
--

DROP TABLE IF EXISTS `courses`;
/*!40101 SET @saved_cs_client     = @@character_set_client */;
/*!50503 SET character_set_client = utf8mb4 */;
CREATE TABLE `courses` (
  `id` bigint NOT NULL AUTO_INCREMENT,
  `title` varchar(200) COLLATE utf8mb4_unicode_ci NOT NULL,
  `description` longtext COLLATE utf8mb4_unicode_ci NOT NULL,
  `language` varchar(10) COLLATE utf8mb4_unicode_ci NOT NULL,
  `level` varchar(20) COLLATE utf8mb4_unicode_ci NOT NULL,
  `image` varchar(100) COLLATE utf8mb4_unicode_ci DEFAULT NULL,
  `is_active` tinyint(1) NOT NULL,
  `created_at` datetime(6) NOT NULL,
  `updated_at` datetime(6) NOT NULL,
  PRIMARY KEY (`id`)
) ENGINE=InnoDB AUTO_INCREMENT=27 DEFAULT CHARSET=utf8mb4 COLLATE=utf8mb4_unicode_ci;
/*!40101 SET character_set_client = @saved_cs_client */;

--
-- Dumping data for table `courses`
--

LOCK TABLES `courses` WRITE;
/*!40000 ALTER TABLE `courses` DISABLE KEYS */;
INSERT INTO `courses` VALUES (6,'Business English: Mastering Professionalism','Ваш успіх у бізнесі починається з впевненого володіння англійською мовою! Наш курс \'Business English: Mastering Professionalism\' допоможе вам розширити словниковий запас та вдосконалити граматику для ефективної комунікації в робочому оточенні. Вивчайте специфічні вирази та вправляйтесь у письмовому та усному мовленні для успішних переговорів та презентацій. Підвищуйте свою професійну компетентність разом з нами!','en','intermediate','',1,'2026-02-11 16:00:23.950793','2026-02-26 07:26:43.093916'),(7,'English Grammar: The Hard Parts','Вивчайте англійську граматику без проблем! Наш курс \'English Grammar: The Hard Parts\' допоможе вам освоїти найважчі аспекти мови. Підвищте рівень англійської для подорожей, бізнесу або навіть академічного розвитку. Приєднуйтесь до нас і здивуйте всіх своєю впевненістю в англійській мові!','en','upper_intermediate','',1,'2026-02-11 16:00:23.963461','2026-02-26 07:26:40.956439'),(8,'Deutsch für Reisende (Німецька для мандрівників)','Плануєш поїздку до Німеччини чи будь-якої німецькомовної країни? Наш курс \'Deutsch für Reisende\' допоможе тобі освоїти необхідні фрази та вирази для комунікації на німецькій мові під час подорожі. Ти зможеш легко замовляти страви у ресторані, шукати готелі та спілкуватися з місцевими жителями. Підвищ свою мовну компетенцію та зроби свою подорож незабутньою з \'Deutsch für Reisende\'!','de','beginner','',1,'2026-02-11 16:00:23.968734','2026-02-26 07:26:38.877397'),(9,'English for Travelers','Прокласти безперешкодний шлях у подорожі англомовних країн з курсом \"English for Travelers\"! Навчися виразно спілкуватися на англійській мові, замовляти страви у ресторанах, розуміти вказівки та легко знаходити спільну мову з місцевими мешканцями. Збільш довірливість у поїздках, розширюй горизонти та отримай мінімум стресу в невідомій країні! Не втрачай час - почни свою англомовну пригоду вже сьогодні!','en','elementary','',1,'2026-02-12 08:40:21.677049','2026-02-26 07:26:36.759562'),(10,'Business German Basics','Покращи свої комунікаційні навички в сфері бізнесу з курсом \'Business German Basics\'! На цих заняттях ти дізнаєшся, як правильно вести переговори, складати ділові листи та спілкуватися з колегами німецькою мовою. Здобудь важливі знання для успішної роботи та розвитку кар\'єри! ¡Запишись прямо зараз та стань майстром бізнес-німецької мови!','de','intermediate','',1,'2026-02-12 08:40:21.710544','2026-02-26 07:26:34.183449'),(11,'French Gastronomy 101','Розпочніть свою кулінарну подорож у світ французької гастрономії з курсом \'French Gastronomy 101\'! Вивчайте основи французького кулінарного мистецтва, дізнавайтеся про класичні страви та техніки готування. Поглиблюйте свої знання та навички, щоб стати справжнім майстром кулінарії. А отримані знання стануть не лише корисними для вас особисто, але й відкриють нові можливості у галузі гастрономії, бізнесу та подорожей.','fr','beginner','',1,'2026-02-12 08:40:21.736123','2026-02-26 07:26:32.082622'),(12,'Spanish Connection','Хочеш підкорити Середземномор\'я чистою латиноамериканською мовою? Spanish Connection - це курс, який допоможе тобі вивчити іспанську мову від забавних туристичних подорожей до ефективних комунікацій на бізнес зустрічах. Завдяки нашому курсу ти зможеш освоїти мову Червоних мечико і зробити перший крок до нових можливостей в житті! ¡Vamos!','es','beginner','',1,'2026-02-12 08:40:21.765612','2026-02-26 07:26:29.550535'),(17,'English for IT Professionals','Master technical vocabulary, communication with clients, and documentation in English.','en','intermediate','',1,'2026-02-27 08:10:15.985576','2026-02-27 08:10:15.985576'),(18,'Deutsch im Alltag (А1-А2)','Основні фрази для повсякденного життя в Німеччині: супермаркет, пошта, знайомства.','de','beginner','',1,'2026-02-27 08:10:15.997253','2026-02-27 08:10:15.997253'),(19,'Español para Viajes','Todo lo que necesitas para sobrevivir en España o América Latina.','es','beginner','',1,'2026-02-27 08:10:16.005942','2026-02-27 08:10:16.005942'),(20,'Français des Affaires','Le français professionnel pour les réunions et les négociations.','fr','upper_intermediate','',1,'2026-02-27 08:10:16.015152','2026-02-27 08:10:16.015152'),(21,'Business English: Startup Pitch','Master the vocabulary you need to pitch a startup to investors, discuss tech trends, and negotiate confidently in Silicon Valley.','en','advanced','',1,'2026-03-26 11:36:16.724270','2026-03-26 11:36:16.724270'),(22,'Español de la Calle','Learn the colloquial Spanish spoken on the vibrant streets from Madrid to Mexico City. Idioms, slang, and cultural insights.','es','upper_intermediate','',1,'2026-03-26 11:36:16.731504','2026-03-26 11:36:16.731504'),(23,'Français pour les Gourmets','Explore the French language through culinary arts. Learn vocabulary for recipes, dining out, and talking about food like a true Parisian.','fr','intermediate','',1,'2026-03-26 11:36:16.735496','2026-03-26 11:36:16.735496'),(24,'Deutsch: Oktoberfest Survival','The ultimate German crash course for travelers. Learn how to navigate airports, train stations, order beer, and socialize at festivals.','de','elementary','',1,'2026-03-26 11:36:16.742003','2026-03-26 11:36:16.742003'),(25,'Italiano: L\'arte e la Storia','Discover the Italian language through the lens of the Renaissance. Art history, museum terminology, and architectural wonders.','it','upper_intermediate','',1,'2026-03-26 11:36:16.747570','2026-03-26 11:36:16.747570'),(26,'English Through Pop Culture','Ditch the textbooks! Improve your English listening and speaking by analyzing popular movies, songs, internet memes, and TV shows.','en','intermediate','',1,'2026-03-26 11:36:16.753667','2026-03-26 11:36:16.753667');
/*!40000 ALTER TABLE `courses` ENABLE KEYS */;
UNLOCK TABLES;

--
-- Table structure for table `django_admin_log`
--

DROP TABLE IF EXISTS `django_admin_log`;
/*!40101 SET @saved_cs_client     = @@character_set_client */;
/*!50503 SET character_set_client = utf8mb4 */;
CREATE TABLE `django_admin_log` (
  `id` int NOT NULL AUTO_INCREMENT,
  `action_time` datetime(6) NOT NULL,
  `object_id` longtext COLLATE utf8mb4_unicode_ci,
  `object_repr` varchar(200) COLLATE utf8mb4_unicode_ci NOT NULL,
  `action_flag` smallint unsigned NOT NULL,
  `change_message` longtext COLLATE utf8mb4_unicode_ci NOT NULL,
  `content_type_id` int DEFAULT NULL,
  `user_id` bigint NOT NULL,
  PRIMARY KEY (`id`),
  KEY `django_admin_log_content_type_id_c4bce8eb_fk_django_co` (`content_type_id`),
  KEY `django_admin_log_user_id_c564eba6_fk_users_id` (`user_id`),
  CONSTRAINT `django_admin_log_content_type_id_c4bce8eb_fk_django_co` FOREIGN KEY (`content_type_id`) REFERENCES `django_content_type` (`id`),
  CONSTRAINT `django_admin_log_user_id_c564eba6_fk_users_id` FOREIGN KEY (`user_id`) REFERENCES `users` (`id`),
  CONSTRAINT `django_admin_log_chk_1` CHECK ((`action_flag` >= 0))
) ENGINE=InnoDB AUTO_INCREMENT=32 DEFAULT CHARSET=utf8mb4 COLLATE=utf8mb4_unicode_ci;
/*!40101 SET character_set_client = @saved_cs_client */;

--
-- Dumping data for table `django_admin_log`
--

LOCK TABLES `django_admin_log` WRITE;
/*!40000 ALTER TABLE `django_admin_log` DISABLE KEYS */;
INSERT INTO `django_admin_log` VALUES (1,'2026-02-06 06:08:30.723857','1','test course',1,'[{\"added\": {}}]',6,5),(2,'2026-02-14 17:18:38.724815','13','Polish for Beginners',3,'',6,5),(3,'2026-02-27 08:30:20.451530','10','Professional Certification - Advanced IT Systems & Networking',2,'[{\"changed\": {\"fields\": [\"\\u0417\\u043e\\u0431\\u0440\\u0430\\u0436\\u0435\\u043d\\u043d\\u044f\"]}}]',15,5),(4,'2026-02-27 08:35:45.903704','10','Professional Certification - Advanced IT Systems & Networking',2,'[{\"changed\": {\"fields\": [\"\\u0417\\u043e\\u0431\\u0440\\u0430\\u0436\\u0435\\u043d\\u043d\\u044f\"]}}]',15,5),(5,'2026-02-27 08:41:56.880447','10','Professional Certification - Advanced IT Systems & Networking',2,'[{\"changed\": {\"fields\": [\"\\u0417\\u043e\\u0431\\u0440\\u0430\\u0436\\u0435\\u043d\\u043d\\u044f\"]}}]',15,5),(6,'2026-02-27 08:42:28.512803','10','Professional Certification - Advanced IT Systems & Networking',2,'[{\"changed\": {\"fields\": [\"\\u0417\\u043e\\u0431\\u0440\\u0430\\u0436\\u0435\\u043d\\u043d\\u044f\"]}}]',15,5),(7,'2026-02-27 08:42:47.289631','10','Professional Certification - Advanced IT Systems & Networking',2,'[{\"changed\": {\"fields\": [\"\\u0417\\u043e\\u0431\\u0440\\u0430\\u0436\\u0435\\u043d\\u043d\\u044f\"]}}]',15,5),(8,'2026-02-27 10:09:58.539747','10','Professional Certification - Advanced IT Systems & Networking',2,'[{\"changed\": {\"fields\": [\"\\u0417\\u043e\\u0431\\u0440\\u0430\\u0436\\u0435\\u043d\\u043d\\u044f\"]}}]',15,5),(9,'2026-03-04 12:12:29.546564','20','Загальний мовний іспит - English Proficiency: A1 Beginner',2,'[{\"changed\": {\"fields\": [\"\\u0417\\u043e\\u0431\\u0440\\u0430\\u0436\\u0435\\u043d\\u043d\\u044f\"]}}]',15,5),(10,'2026-03-04 12:13:25.524082','21','Загальний мовний іспит - English Proficiency: B1 Intermediate',2,'[{\"changed\": {\"fields\": [\"\\u0417\\u043e\\u0431\\u0440\\u0430\\u0436\\u0435\\u043d\\u043d\\u044f\"]}}]',15,5),(11,'2026-03-04 12:14:42.875832','22','Загальний мовний іспит - English Proficiency: C1 Advanced',2,'[{\"changed\": {\"fields\": [\"\\u0417\\u043e\\u0431\\u0440\\u0430\\u0436\\u0435\\u043d\\u043d\\u044f\"]}}]',15,5),(12,'2026-03-04 12:16:33.688583','25','Загальний мовний іспит - Español Elemental (A2)',2,'[{\"changed\": {\"fields\": [\"\\u0417\\u043e\\u0431\\u0440\\u0430\\u0436\\u0435\\u043d\\u043d\\u044f\"]}}]',15,5),(13,'2026-03-04 12:17:44.256422','24','Загальний мовний іспит - Français Niveau Intermédiaire (B1)',2,'[{\"changed\": {\"fields\": [\"\\u0417\\u043e\\u0431\\u0440\\u0430\\u0436\\u0435\\u043d\\u043d\\u044f\"]}}]',15,5),(14,'2026-03-04 12:18:36.931230','23','Загальний мовний іспит - Deutsch Einstufungstest (A1)',2,'[{\"changed\": {\"fields\": [\"\\u0417\\u043e\\u0431\\u0440\\u0430\\u0436\\u0435\\u043d\\u043d\\u044f\"]}}]',15,5),(15,'2026-03-20 10:10:03.420622','26','Загальний мовний іспит - English Tenses',1,'[{\"added\": {}}]',15,11),(16,'2026-03-20 10:10:41.735325','26','Загальний мовний іспит - English Tenses',2,'[]',15,11),(17,'2026-03-20 10:11:20.907274','26','Загальний мовний іспит - English Tenses',2,'[]',15,11),(18,'2026-03-20 10:11:42.906404','26','Загальний мовний іспит - English Tenses',2,'[]',15,11),(19,'2026-03-20 10:13:17.106572','48','English Tenses - Читання',1,'[{\"added\": {}}]',18,11),(20,'2026-03-20 10:13:50.019550','48','English Tenses - Читання',2,'[{\"changed\": {\"fields\": [\"\\u041e\\u043f\\u0438\\u0441\"]}}]',18,11),(21,'2026-03-20 10:19:59.839930','112','? Section 1: Reading Comprehension - Питання 1',1,'[{\"added\": {}}]',19,11),(22,'2026-03-20 10:20:40.505485','112','? Section 1: Reading Comprehension - Питання 1',2,'[{\"changed\": {\"fields\": [\"\\u041f\\u0440\\u0430\\u0432\\u0438\\u043b\\u044c\\u043d\\u0430 \\u0432\\u0456\\u0434\\u043f\\u043e\\u0432\\u0456\\u0434\\u044c\"]}}]',19,11),(23,'2026-03-20 10:20:59.765622','112','? Section 1: Reading Comprehension - Питання 1',2,'[{\"changed\": {\"fields\": [\"\\u0411\\u0430\\u043b\\u0438\"]}}]',19,11),(24,'2026-03-20 10:23:25.580372','113','Reading & Grammar - Питання 2',1,'[{\"added\": {}}]',19,11),(25,'2026-03-20 10:26:01.766317','114','? Section 1: Reading Comprehension - Питання 2',1,'[{\"added\": {}}]',19,11),(26,'2026-03-20 10:26:05.414839','114','? Section 1: Reading Comprehension - Питання 2',2,'[]',19,11),(27,'2026-03-20 10:27:39.755546','114','? Section 1: Reading Comprehension - Питання 2',2,'[{\"changed\": {\"fields\": [\"\\u0422\\u0438\\u043f \\u043f\\u0438\\u0442\\u0430\\u043d\\u043d\\u044f\"]}}]',19,11),(28,'2026-03-20 10:27:56.143739','114','? Section 1: Reading Comprehension - Питання 2',2,'[{\"changed\": {\"fields\": [\"\\u0422\\u0438\\u043f \\u043f\\u0438\\u0442\\u0430\\u043d\\u043d\\u044f\"]}}]',19,11),(29,'2026-03-20 10:29:41.624879','115','? Section 1: Reading Comprehension - Питання 3',1,'[{\"added\": {}}]',19,11),(30,'2026-03-20 10:32:02.595167','116','? Section 1: Reading Comprehension - Питання 4',1,'[{\"added\": {}}]',19,11),(31,'2026-03-20 11:06:21.157640','26','Загальний мовний іспит - English Tenses',2,'[{\"changed\": {\"fields\": [\"\\u0417\\u043e\\u0431\\u0440\\u0430\\u0436\\u0435\\u043d\\u043d\\u044f\"]}}]',15,11);
/*!40000 ALTER TABLE `django_admin_log` ENABLE KEYS */;
UNLOCK TABLES;

--
-- Table structure for table `django_content_type`
--

DROP TABLE IF EXISTS `django_content_type`;
/*!40101 SET @saved_cs_client     = @@character_set_client */;
/*!50503 SET character_set_client = utf8mb4 */;
CREATE TABLE `django_content_type` (
  `id` int NOT NULL AUTO_INCREMENT,
  `app_label` varchar(100) COLLATE utf8mb4_unicode_ci NOT NULL,
  `model` varchar(100) COLLATE utf8mb4_unicode_ci NOT NULL,
  PRIMARY KEY (`id`),
  UNIQUE KEY `django_content_type_app_label_model_76bd3d3b_uniq` (`app_label`,`model`)
) ENGINE=InnoDB AUTO_INCREMENT=31 DEFAULT CHARSET=utf8mb4 COLLATE=utf8mb4_unicode_ci;
/*!40101 SET character_set_client = @saved_cs_client */;

--
-- Dumping data for table `django_content_type`
--

LOCK TABLES `django_content_type` WRITE;
/*!40000 ALTER TABLE `django_content_type` DISABLE KEYS */;
INSERT INTO `django_content_type` VALUES (22,'account','emailaddress'),(23,'account','emailconfirmation'),(1,'admin','logentry'),(13,'ai_services','aiinteraction'),(14,'ai_services','learninganalytics'),(3,'auth','group'),(2,'auth','permission'),(4,'contenttypes','contenttype'),(6,'courses','course'),(27,'courses','coursetest'),(7,'courses','exercise'),(8,'courses','lesson'),(28,'courses','usercourseprogress'),(9,'courses','userexerciseattempt'),(10,'courses','userlessonprogress'),(5,'sessions','session'),(21,'sites','site'),(24,'socialaccount','socialaccount'),(25,'socialaccount','socialapp'),(26,'socialaccount','socialtoken'),(15,'tests','test'),(16,'tests','testanswer'),(20,'tests','testattempt'),(19,'tests','testquestion'),(18,'tests','testsection'),(17,'tests','testtype'),(30,'users','badge'),(11,'users','customuser'),(29,'users','userbadge'),(12,'users','userprogress');
/*!40000 ALTER TABLE `django_content_type` ENABLE KEYS */;
UNLOCK TABLES;

--
-- Table structure for table `django_migrations`
--

DROP TABLE IF EXISTS `django_migrations`;
/*!40101 SET @saved_cs_client     = @@character_set_client */;
/*!50503 SET character_set_client = utf8mb4 */;
CREATE TABLE `django_migrations` (
  `id` bigint NOT NULL AUTO_INCREMENT,
  `app` varchar(255) COLLATE utf8mb4_unicode_ci NOT NULL,
  `name` varchar(255) COLLATE utf8mb4_unicode_ci NOT NULL,
  `applied` datetime(6) NOT NULL,
  PRIMARY KEY (`id`)
) ENGINE=InnoDB AUTO_INCREMENT=54 DEFAULT CHARSET=utf8mb4 COLLATE=utf8mb4_unicode_ci;
/*!40101 SET character_set_client = @saved_cs_client */;

--
-- Dumping data for table `django_migrations`
--

LOCK TABLES `django_migrations` WRITE;
/*!40000 ALTER TABLE `django_migrations` DISABLE KEYS */;
INSERT INTO `django_migrations` VALUES (1,'contenttypes','0001_initial','2026-02-02 15:47:24.452562'),(2,'contenttypes','0002_remove_content_type_name','2026-02-02 15:47:24.602816'),(3,'auth','0001_initial','2026-02-02 15:47:25.035735'),(4,'auth','0002_alter_permission_name_max_length','2026-02-02 15:47:25.133220'),(5,'auth','0003_alter_user_email_max_length','2026-02-02 15:47:25.144361'),(6,'auth','0004_alter_user_username_opts','2026-02-02 15:47:25.154400'),(7,'auth','0005_alter_user_last_login_null','2026-02-02 15:47:25.169808'),(8,'auth','0006_require_contenttypes_0002','2026-02-02 15:47:25.174892'),(9,'auth','0007_alter_validators_add_error_messages','2026-02-02 15:47:25.187141'),(10,'auth','0008_alter_user_username_max_length','2026-02-02 15:47:25.199062'),(11,'auth','0009_alter_user_last_name_max_length','2026-02-02 15:47:25.211268'),(12,'auth','0010_alter_group_name_max_length','2026-02-02 15:47:25.240113'),(13,'auth','0011_update_proxy_permissions','2026-02-02 15:47:25.253288'),(14,'auth','0012_alter_user_first_name_max_length','2026-02-02 15:47:25.263987'),(15,'users','0001_initial','2026-02-02 15:47:25.928208'),(16,'admin','0001_initial','2026-02-02 15:47:26.157914'),(17,'admin','0002_logentry_remove_auto_add','2026-02-02 15:47:26.175836'),(18,'admin','0003_logentry_add_action_flag_choices','2026-02-02 15:47:26.197447'),(19,'ai_services','0001_initial','2026-02-02 15:47:26.205562'),(20,'ai_services','0002_initial','2026-02-02 15:47:26.243860'),(21,'courses','0001_initial','2026-02-02 15:47:26.454329'),(22,'courses','0002_initial','2026-02-02 15:47:27.046498'),(23,'sessions','0001_initial','2026-02-02 15:47:27.104183'),(24,'tests','0001_initial','2026-02-02 15:47:27.571233'),(25,'tests','0002_initial','2026-02-02 15:47:28.104361'),(26,'account','0001_initial','2026-02-04 14:04:14.636761'),(27,'account','0002_email_max_length','2026-02-04 14:04:14.679450'),(28,'account','0003_alter_emailaddress_create_unique_verified_email','2026-02-04 14:04:14.750445'),(29,'account','0004_alter_emailaddress_drop_unique_email','2026-02-04 14:04:14.893560'),(30,'account','0005_emailaddress_idx_upper_email','2026-02-04 14:04:14.944440'),(31,'account','0006_emailaddress_lower','2026-02-04 14:04:14.981377'),(32,'account','0007_emailaddress_idx_email','2026-02-04 14:04:15.067340'),(33,'account','0008_emailaddress_unique_primary_email_fixup','2026-02-04 14:04:15.099374'),(34,'account','0009_emailaddress_unique_primary_email','2026-02-04 14:04:15.127117'),(35,'sites','0001_initial','2026-02-04 14:04:15.158351'),(36,'sites','0002_alter_domain_unique','2026-02-04 14:04:15.195618'),(37,'socialaccount','0001_initial','2026-02-04 14:04:15.907633'),(38,'socialaccount','0002_token_max_lengths','2026-02-04 14:04:16.080932'),(39,'socialaccount','0003_extra_data_default_dict','2026-02-04 14:04:16.103393'),(40,'socialaccount','0004_app_provider_id_settings','2026-02-04 14:04:16.374037'),(41,'socialaccount','0005_socialtoken_nullable_app','2026-02-04 14:04:16.645199'),(42,'socialaccount','0006_alter_socialaccount_extra_data','2026-02-04 14:04:16.766173'),(43,'courses','0003_alter_exercise_lesson_coursetest_and_more','2026-02-07 13:39:53.548470'),(44,'users','0002_alter_customuser_learning_language_and_more','2026-02-07 13:45:58.084950'),(45,'users','0003_userprogress_daily_goal_userprogress_daily_xp','2026-02-11 15:38:26.221804'),(46,'users','0004_badge_userbadge','2026-02-12 08:40:19.385344'),(47,'courses','0004_alter_course_language','2026-02-21 13:37:20.835479'),(48,'tests','0003_alter_test_language','2026-02-21 13:42:19.703962'),(49,'courses','0005_alter_course_language','2026-02-22 09:53:27.077076'),(50,'tests','0004_alter_test_language','2026-02-22 09:53:27.090171'),(51,'ai_services','0003_alter_aiinteraction_interaction_type','2026-02-23 06:27:57.409845'),(52,'tests','0005_remove_testanswer_audio_answer_url_and_more','2026-02-23 06:27:57.716293'),(53,'tests','0006_test_image_alter_testanswer_ai_feedback_and_more','2026-02-27 08:26:01.882644');
/*!40000 ALTER TABLE `django_migrations` ENABLE KEYS */;
UNLOCK TABLES;

--
-- Table structure for table `django_session`
--

DROP TABLE IF EXISTS `django_session`;
/*!40101 SET @saved_cs_client     = @@character_set_client */;
/*!50503 SET character_set_client = utf8mb4 */;
CREATE TABLE `django_session` (
  `session_key` varchar(40) COLLATE utf8mb4_unicode_ci NOT NULL,
  `session_data` longtext COLLATE utf8mb4_unicode_ci NOT NULL,
  `expire_date` datetime(6) NOT NULL,
  PRIMARY KEY (`session_key`),
  KEY `django_session_expire_date_a5c62663` (`expire_date`)
) ENGINE=InnoDB DEFAULT CHARSET=utf8mb4 COLLATE=utf8mb4_unicode_ci;
/*!40101 SET character_set_client = @saved_cs_client */;

--
-- Dumping data for table `django_session`
--

LOCK TABLES `django_session` WRITE;
/*!40000 ALTER TABLE `django_session` DISABLE KEYS */;
INSERT INTO `django_session` VALUES ('5n0sj7wv6e99g7j4srpl6xw6vfz28g9k','.eJxVT0luhTAMvYvXCMU0A2HXXqOqkDHmg0pJRUI3X9y9gdIFXllv8vMTYuCJZmIO25LamChJhOa5F_CP0ZZGWdLElKawtF-SxtBnzfsT_nZo7imQvQkadE4753VdldUL-toU8L2Gn6mXNTseITxmydJtOgIQbR6sURuL1mujjDOwfxRw3m-3KGt7Ki3csI74U5aDoHk-4PJqUZ6ai47l6-2Lt8t1ixopjjnHeVaKmRTVVCnNliuhflCDZdNpJ64btMtNHTrt604LCaJH3w8dDj162H8BsEdwqA:1w6nDW:_k7yUsX1ka_c4WMiVX7RBnjKsKH6SYtaEfpieDvZqGc','2026-04-12 10:18:02.249993'),('5tnai3vh5ejxw1syu98ve1hrzkm0325n','.eJxVj01uhTAMhO_iNUIJCfl5u75rVBUyjnmgUlKR0A3i7gVKF-ysmW9G4xVSpAFHJIrLlJuUMXOCx7oV8K_hknue8kCYhzg1X5z7GHbmfYW_Gx73FtizGR7SWqGsVlaUrtZWO1vA9xx_hsDzHnnF-Bp5Z5fhaJBCalVJbepaWq-89UZ52D4KOAc0S-K5OUkNN61F-uTpMHAcD7m8ZpQnc9mpfLu98bxSt6oeU39M0Z02rRFBBI9V69iQo8q0pATVvnbSoGdrOoHEHJTzRnLVoXVWkTDBwPYL8Elwiw:1voJFK:5lpwwl3HTwLVzaMUgT-RfgWBiDVMLUTtC5npJ8nfzdM','2026-02-20 10:39:30.864992'),('75c92i1w1fno09hlxs5mt03x3splp34x','.eJxVjDsOwyAQBe9CHSF-BjZlep8BAbsEJxGWjF1FuXuE5CJp38y8Nwvx2Gs4Om1hQXZlwC6_W4r5SW0AfMR2X3le274tiQ-Fn7TzeUV63U7376DGXkctnIlUDGkzTVCUt0JbGVNSGRMqYZRHC7oI512RYLOQWaMuDskhArDPF-HvN-c:1w0HyG:DRILZfcRdJanQsHw4WfaRbrBsUXVpBZ-KAbYCkAMkpE','2026-03-25 11:43:24.639215'),('8l16uon0m6562wcal5talmu11n0h1upf','.eJxVjDsOwyAQBe9CHaEF8U2ZPmdACwvBSQSSsSsrd48tuUjamXlvYwHXpYZ15DlMxK5Ms8svi5heuR2CntgenafelnmK_Ej4aQe_d8rv29n-HVQcdV9ncCClNShctCCiSqLoqLJEiDp5rRP6HVMpUgmSVntwngooZSRSMuzzBdK9N44:1vrJH6:0V3LxZKCjdihkwRdPym9XWPrzvd-9EzbZf0YkVGNwFU','2026-02-28 17:17:44.910989'),('gv7j5gv8ojnyltr35liz7sm9cddjt53a','.eJxVjcFOxCAURf_lrZsGsBSYpYtJXJjo0hhDHg86rdPABKhGm_67nTib2d5z7r0rlEQTzkiUllhtqVhDgcMKWR1_xvLyqun3--1p7uHwvsIlJwpl5zCn0xShAY8V4RCXeW7gcqZgKflgv0Kehinkf7I1XCnBDTPmoTWdZlqoj60Bi0sd7VJCtpPfNyXcZQ7pHOIV-E-Mp9RSijVPrr0q7Y2W9nk_nB9v7t3AiGXc24FpJoTqkWunGHcd8UG6LghkTpKRktDssR8G0XEvlDRMGz-wrusFeuph-wMZV2Dj:1vvvqR:m2OQU1IWrHoKdGvOU8RitErnbibN72d9xTsuNpvFkKw','2026-03-13 11:17:19.560887'),('v1ico5ctef6gb9axlsp1zh6u7bvrh41z','e30:1vvt2d:Fvzl_iK0F0og_BDyas-3X1cGEKxHnjpwOQIBAQa2kvA','2026-03-13 08:17:43.126489'),('viuopqfz7s82aadt8bkv5ecr44qq0f93','.eJytkF1rwjAUhv_LuS41SdOm8dIxUMHtRtxgSDkmac2siTat-xD_-yJsA6-32_N-PLznDMEriy0q5QfXV6HH3gQYn2G6enCTNxGms8WsmdydYPxyhkPnlQlRh9Y31kECGnuEsRvaNoHDTplKeW2qk-lsbU33ozjz3sfQaAimC6O9DcF6F0ZwSagQPKcsozKVjNCcrhMo3CfN50fk81Uz7NT-D-hfQF6WKWWccVpGwvAxfyLLZX2832enx2fxH4QiTsh4lhVyfUmgwqHfVte9ldWxkjK4OW5Q7Yy7KvoVXeNT5V3f2U16taTfakgXEdhOvr03BVsM25iOWGFKRUQpOac6L8qCsA0ntUY0tSRaZEoURiIyFIaLGjOjBaFCkfhvJeHyBVsTp6g:1w5fnn:wgklm6s6DpP8uN6ZLOxQmT6YrvA6TlzaTdH0SEk8Wc4','2026-04-09 08:10:51.348829'),('y69nifc6avcts3gbrhvaweszzsj3xfca','.eJxVj0tuhDAQRO_Sa4Rs_GeXuUYUocZuBhSCI2yyQdx9gCELdq2qV6XqFVL0A47ofVym3KSMmRLU61bAv4ZL7mnKg8c8xKn5odzHsDOfK7xvqO8tsGcz1NwY5iwXSpVWVlwIW8DvHP-GQPMeecb4HGlnl-Fo4IxLUXGpleLGCWecFg62rwLOAc2SaG5OUsJNa9F_03QYOI6HXF4zypO57FR-3N54XKlbVY-pP6bITupWs8CCw6q1pL31lW69YF45ZblGR0Z3DD1RENZpTlWHxhrhmQ4athfqDHCE:1vqr9P:miEnMvD7jVd0cF7QSYKin7kGlPNqoCBZ88cJ8UjbQjk','2026-02-27 11:15:55.864217');
/*!40000 ALTER TABLE `django_session` ENABLE KEYS */;
UNLOCK TABLES;

--
-- Table structure for table `django_site`
--

DROP TABLE IF EXISTS `django_site`;
/*!40101 SET @saved_cs_client     = @@character_set_client */;
/*!50503 SET character_set_client = utf8mb4 */;
CREATE TABLE `django_site` (
  `id` int NOT NULL AUTO_INCREMENT,
  `domain` varchar(100) COLLATE utf8mb4_unicode_ci NOT NULL,
  `name` varchar(50) COLLATE utf8mb4_unicode_ci NOT NULL,
  PRIMARY KEY (`id`),
  UNIQUE KEY `django_site_domain_a2e37b91_uniq` (`domain`)
) ENGINE=InnoDB AUTO_INCREMENT=2 DEFAULT CHARSET=utf8mb4 COLLATE=utf8mb4_unicode_ci;
/*!40101 SET character_set_client = @saved_cs_client */;

--
-- Dumping data for table `django_site`
--

LOCK TABLES `django_site` WRITE;
/*!40000 ALTER TABLE `django_site` DISABLE KEYS */;
INSERT INTO `django_site` VALUES (1,'localhost:8000','MOVLY');
/*!40000 ALTER TABLE `django_site` ENABLE KEYS */;
UNLOCK TABLES;

--
-- Table structure for table `exercises`
--

DROP TABLE IF EXISTS `exercises`;
/*!40101 SET @saved_cs_client     = @@character_set_client */;
/*!50503 SET character_set_client = utf8mb4 */;
CREATE TABLE `exercises` (
  `id` bigint NOT NULL AUTO_INCREMENT,
  `exercise_type` varchar(20) COLLATE utf8mb4_unicode_ci NOT NULL,
  `question` longtext COLLATE utf8mb4_unicode_ci NOT NULL,
  `correct_answer` longtext COLLATE utf8mb4_unicode_ci NOT NULL,
  `options` json DEFAULT NULL,
  `points` int NOT NULL,
  `order` int NOT NULL,
  `is_ai_generated` tinyint(1) NOT NULL,
  `created_at` datetime(6) NOT NULL,
  `lesson_id` bigint DEFAULT NULL,
  `course_test_id` bigint DEFAULT NULL,
  PRIMARY KEY (`id`),
  KEY `exercises_lesson_id_532b92d5_fk_lessons_id` (`lesson_id`),
  KEY `exercises_course_test_id_fefe48e1_fk_course_tests_id` (`course_test_id`),
  CONSTRAINT `exercises_course_test_id_fefe48e1_fk_course_tests_id` FOREIGN KEY (`course_test_id`) REFERENCES `course_tests` (`id`),
  CONSTRAINT `exercises_lesson_id_532b92d5_fk_lessons_id` FOREIGN KEY (`lesson_id`) REFERENCES `lessons` (`id`)
) ENGINE=InnoDB AUTO_INCREMENT=283 DEFAULT CHARSET=utf8mb4 COLLATE=utf8mb4_unicode_ci;
/*!40101 SET character_set_client = @saved_cs_client */;

--
-- Dumping data for table `exercises`
--

LOCK TABLES `exercises` WRITE;
/*!40000 ALTER TABLE `exercises` DISABLE KEYS */;
INSERT INTO `exercises` VALUES (23,'multiple_choice','Which phrase would you use to ask about the location of the departure lounge at an airport?','\"Where is the departure lounge?\"','[\"\\\"How many bags can I check in?\\\"\", \"\\\"Is this the right gate for flight UA125 to New York?\\\"\", \"\\\"Where is the departure lounge?\\\"\", \"\\\"Can I have a window seat, please?\\\"\"]',10,1,0,'2026-02-12 08:40:21.692966',11,NULL),(24,'translation','Яка з цих фраз найкраще підходить для того, щоб знайти потрібний вихід на рейс?','Is this the right gate for flight UA125 to New York?','[\"Can I have a window seat, please?\", \"Is this the right gate for flight UA125 to New York?\", \"How many bags can I check in?\", \"I think I lost my boarding pass.\"]',20,2,0,'2026-02-12 08:40:21.694484',11,NULL),(25,'multiple_choice','Test Question 1 for English for Travelers','Option A','[\"Option A\", \"Option B\", \"Option C\", \"Option D\"]',20,1,0,'2026-02-12 08:40:21.699159',NULL,3),(26,'multiple_choice','Test Question 2 for English for Travelers','Option A','[\"Option A\", \"Option B\", \"Option C\", \"Option D\"]',20,2,0,'2026-02-12 08:40:21.701347',NULL,3),(27,'multiple_choice','Test Question 3 for English for Travelers','Option A','[\"Option A\", \"Option B\", \"Option C\", \"Option D\"]',20,3,0,'2026-02-12 08:40:21.702852',NULL,3),(28,'multiple_choice','Test Question 4 for English for Travelers','Option A','[\"Option A\", \"Option B\", \"Option C\", \"Option D\"]',20,4,0,'2026-02-12 08:40:21.705938',NULL,3),(29,'multiple_choice','Test Question 5 for English for Travelers','Option A','[\"Option A\", \"Option B\", \"Option C\", \"Option D\"]',20,5,0,'2026-02-12 08:40:21.707940',NULL,3),(34,'multiple_choice','Як на німецькій сказати \'Цей проект дуже прибутковий\'?','Dieses Projekt ist sehr profitabel.','[\"Dieses Projekt ist sehr profitabel.\", \"Dieses Projekt ist sehr wichtig.\", \"Dieses Projekt ist außergewöhnlich.\", \"Dieses Projekt ist kostspielig.\"]',10,1,0,'2026-02-12 08:40:21.723230',14,NULL),(35,'translation','Яке німецьке слово використовується для \'переглядати\' або \'переосмислювати\' у діловому контексті?','überdenken','[\"senden\", \"erläutern\", \"überdenken\", \"wiederholen\"]',20,2,0,'2026-02-12 08:40:21.724743',14,NULL),(36,'multiple_choice','Test Question 1 for Business German Basics','Option A','[\"Option A\", \"Option B\", \"Option C\", \"Option D\"]',20,1,0,'2026-02-12 08:40:21.727748',NULL,4),(37,'multiple_choice','Test Question 2 for Business German Basics','Option A','[\"Option A\", \"Option B\", \"Option C\", \"Option D\"]',20,2,0,'2026-02-12 08:40:21.729253',NULL,4),(38,'multiple_choice','Test Question 3 for Business German Basics','Option A','[\"Option A\", \"Option B\", \"Option C\", \"Option D\"]',20,3,0,'2026-02-12 08:40:21.730263',NULL,4),(39,'multiple_choice','Test Question 4 for Business German Basics','Option A','[\"Option A\", \"Option B\", \"Option C\", \"Option D\"]',20,4,0,'2026-02-12 08:40:21.732703',NULL,4),(40,'multiple_choice','Test Question 5 for Business German Basics','Option A','[\"Option A\", \"Option B\", \"Option C\", \"Option D\"]',20,5,0,'2026-02-12 08:40:21.734039',NULL,4),(43,'multiple_choice','Яка страва є традиційним марсельським супом у французькій кухні?','Bouillabaisse','[\"Ratatouille\", \"Bouillabaisse\", \"Soupe à l\'oignon\", \"Coq au vin\"]',10,1,0,'2026-02-12 08:40:21.746092',16,NULL),(44,'translation','Яка з перерахованих страв є традиційною для Марселя?','Bouillabaisse','[\"Bouillabaisse\", \"Coq au vin\", \"Ratatouille\", \"Quiche\"]',20,2,0,'2026-02-12 08:40:21.747914',16,NULL),(45,'multiple_choice','Який артикль слід використовувати, якщо ви говорите про невизначений тип вина у французькій мові?','Un','[\"Le\", \"La\", \"Les\", \"Un\"]',10,1,0,'2026-02-12 08:40:21.751457',17,NULL),(46,'translation','Яка страва є традиційною у Франції та подається у вигляді млинців?','Les crêpes','[\"Le fromage\", \"Les escargots\", \"Le croissant\", \"Les crêpes\"]',20,2,0,'2026-02-12 08:40:21.752961',17,NULL),(47,'multiple_choice','Test Question 1 for French Gastronomy 101','Option A','[\"Option A\", \"Option B\", \"Option C\", \"Option D\"]',20,1,0,'2026-02-12 08:40:21.755511',NULL,5),(48,'multiple_choice','Test Question 2 for French Gastronomy 101','Option A','[\"Option A\", \"Option B\", \"Option C\", \"Option D\"]',20,2,0,'2026-02-12 08:40:21.757858',NULL,5),(49,'multiple_choice','Test Question 3 for French Gastronomy 101','Option A','[\"Option A\", \"Option B\", \"Option C\", \"Option D\"]',20,3,0,'2026-02-12 08:40:21.758978',NULL,5),(50,'multiple_choice','Test Question 4 for French Gastronomy 101','Option A','[\"Option A\", \"Option B\", \"Option C\", \"Option D\"]',20,4,0,'2026-02-12 08:40:21.760531',NULL,5),(51,'multiple_choice','Test Question 5 for French Gastronomy 101','Option A','[\"Option A\", \"Option B\", \"Option C\", \"Option D\"]',20,5,0,'2026-02-12 08:40:21.763047',NULL,5),(54,'multiple_choice','Який артикль слід вживати з іменником \'agua\' в іспанській мові?','el','[\"el\", \"la\", \"un\", \"una\"]',10,1,0,'2026-02-12 08:40:21.774100',19,NULL),(55,'translation','Який артикль було би вжито для перекладу фрази \"великий парк\" на іспанську мову?','el','[\"el\", \"la\", \"un\", \"una\"]',20,2,0,'2026-02-12 08:40:21.775121',19,NULL),(56,'multiple_choice','Який приклад дієслова в теперішньому часі має закінчення -ir?','Él vive en Madrid.','[\"Yo hablo español.\", \"Tú comes una manzana.\", \"Él vive en Madrid.\", \"Nosotros escuchamos música.\"]',10,1,0,'2026-02-12 08:40:21.779266',20,NULL),(57,'translation','Яке з наведених дієслів вживається для вираження дії \'їсти\' у теперішньому часі?','comer','[\"hablar\", \"vivir\", \"comer\", \"escuchar\"]',20,2,0,'2026-02-12 08:40:21.780305',20,NULL),(58,'multiple_choice','Test Question 1 for Spanish Connection','Option A','[\"Option A\", \"Option B\", \"Option C\", \"Option D\"]',20,1,0,'2026-02-12 08:40:21.784471',NULL,6),(59,'multiple_choice','Test Question 2 for Spanish Connection','Option A','[\"Option A\", \"Option B\", \"Option C\", \"Option D\"]',20,2,0,'2026-02-12 08:40:21.786021',NULL,6),(60,'multiple_choice','Test Question 3 for Spanish Connection','Option A','[\"Option A\", \"Option B\", \"Option C\", \"Option D\"]',20,3,0,'2026-02-12 08:40:21.788092',NULL,6),(61,'multiple_choice','Test Question 4 for Spanish Connection','Option A','[\"Option A\", \"Option B\", \"Option C\", \"Option D\"]',20,4,0,'2026-02-12 08:40:21.789361',NULL,6),(62,'multiple_choice','Test Question 5 for Spanish Connection','Option A','[\"Option A\", \"Option B\", \"Option C\", \"Option D\"]',20,5,0,'2026-02-12 08:40:21.791039',NULL,6),(88,'multiple_choice','Який артикль використовують в іспанській мові для позначення невизначеного іменника в жіночому роді?','una','[\"el\", \"la\", \"un\", \"una\"]',10,3,1,'2026-02-25 16:15:33.206775',19,NULL),(89,'fill_blank','____ chico lee un libro. - Хлопець читає книгу.','El','[\"El\", \"La\", \"Un\", \"Una\"]',10,4,1,'2026-02-25 16:15:33.937832',19,NULL),(90,'translation','Which definite article would you use in Spanish for the noun \'perro\'?','El','[\"El\", \"La\", \"Un\", \"Una\"]',10,5,1,'2026-02-25 16:15:36.016797',19,NULL),(91,'speaking','Який артикль вживається з іменником \'chico\' в іспанській мові?','el','[\"la\", \"el\", \"un\", \"una\"]',20,6,1,'2026-02-25 16:15:38.504102',19,NULL),(92,'multiple_choice','Як перекласти іспанське дієслово \'escuchar\' на українську?','слухати','[\"говорити\", \"їсти\", \"слухати\", \"знати\"]',10,3,1,'2026-02-25 16:16:30.169519',20,NULL),(93,'fill_blank','Заповніть пропуск у наступному реченні: Él ___ en Madrid.','vive',NULL,10,4,1,'2026-02-25 16:16:31.220556',20,NULL),(94,'translation','Яке іспанське дієслово відповідатиме українському \'жити\'?','vivir','[\"hablar\", \"comer\", \"vivir\", \"escuchar\"]',10,5,1,'2026-02-25 16:16:32.297834',20,NULL),(95,'speaking','Яке дієслово іспанською мовою означає \'їсти\'?','comer','[\"hablar\", \"comer\", \"vivir\", \"escuchar\"]',20,6,1,'2026-02-25 16:16:33.317227',20,NULL),(100,'multiple_choice','Що є типовою основною стравою у французькій кухні, яке готується з півня та вина?','Coq au vin','[\"Ratatouille\", \"Bouillabaisse\", \"Coq au vin\", \"Quiche\"]',10,3,1,'2026-02-25 16:18:20.924994',16,NULL),(101,'fill_blank','Le plat principal aujourd\'hui est le ________.','coq au vin',NULL,10,4,1,'2026-02-25 16:18:21.884741',16,NULL),(102,'translation','Яка страва є традиційним рибним супом з Марселя?','Bouillabaisse','[\"Coq au vin\", \"Bouillabaisse\", \"Ratatouille\", \"Soupe à l\'oignon\"]',10,5,1,'2026-02-25 16:18:23.111618',16,NULL),(103,'speaking','Какое традиционное французское блюдо готовится из рыбы и является характерным для региона Марсель?','Bouillabaisse','[\"Bouillabaisse\", \"Ratatouille\", \"Coq au vin\", \"Quiche\"]',20,6,1,'2026-02-25 16:18:24.743815',16,NULL),(104,'multiple_choice','Який французький делікатес вважається традиційною стравою у Франції і зазвичай готується з равликів?','Les escargots','[\"Les escargots\", \"Le croissant\", \"La baguette\", \"Le ratatouille\"]',10,3,1,'2026-02-25 16:19:07.362058',17,NULL),(105,'fill_blank','_____ est l\'élément essentiel du petit déjeuner français.','La baguette',NULL,10,4,1,'2026-02-25 16:19:08.430305',17,NULL),(106,'translation','Який з наведених артиклів використовується для означання конкретного сиру у французькій мові?','Le fromage','[\"Un fromage\", \"Le fromage\", \"Une fromage\", \"Les fromage\"]',10,5,1,'2026-02-25 16:19:09.095812',17,NULL),(107,'speaking','Який артикль використовується для слова \'fromage\', коли мова йде про сир взагалі або знайомий сир?','Le fromage','[\"Le fromage\", \"Un fromage\", \"Des fromages\", \"La fromage\"]',20,6,1,'2026-02-25 16:19:10.208959',17,NULL),(116,'multiple_choice','Яке з наступних німецьких слів означає \'переглядати\'?','überdenken','[\"senden\", \"erläutern\", \"überdenken\", \"wiederholen\"]',10,3,1,'2026-02-25 16:21:21.313355',14,NULL),(117,'fill_blank','Із яким питанням ви можете звернутися, якщо хочете дізнатися більше деталей про певну тему?','Könnten Sie das bitte erläutern?','[\"Wie meinen Sie das?\", \"Könnten Sie das bitte erläutern?\", \"Könnten Sie das bitte wiederholen?\", \"Wie stehen Sie zu einer Erhöhung des Budgets?\"]',10,4,1,'2026-02-25 16:21:22.245372',14,NULL),(118,'translation','Як ви запитаєте німецькою мовою, чи могли б ви мені, будь ласка, пояснити проект?','Könnten Sie mir bitte das Projekt erläutern?','[\"Könnten Sie mir bitte das Projekt erläutern?\", \"Könnten Sie mir bitte die Strategie senden?\", \"Wie meinen Sie das?\", \"Meiner Meinung nach ist dieses Projekt sehr profitabel.\"]',10,5,1,'2026-02-25 16:21:23.248958',14,NULL),(119,'speaking','Виберіть фразу, яка використовується для вираження власної думки у діловій німецькій мові.','Meiner Meinung nach...','[\"Könnten Sie das bitte wiederholen?\", \"Wie meinen Sie das?\", \"Meiner Meinung nach...\", \"Könnten Sie mir bitte die letzten Quartalszahlen senden?\"]',20,6,1,'2026-02-25 16:21:25.222539',14,NULL),(128,'multiple_choice','Which phrase would you use to inquire about the correct gate for a flight?','Is this the right gate for flight UA125 to New York?','[\"Can I have a window seat, please?\", \"Is this the right gate for flight UA125 to New York?\", \"How many bags can I check in?\", \"Where is the departure lounge?\"]',10,3,1,'2026-02-25 16:23:37.777588',11,NULL),(129,'fill_blank','Заповніть пропуск: Після проходження ________ слід знайти свій вихід на посадку.','перевірки безпеки',NULL,10,4,1,'2026-02-25 16:23:38.651596',11,NULL),(130,'translation','Яке слово відповідає значенню: місце для пасажирів, які чекають на посадку?','Departure lounge','[\"Security check\", \"Check-in\", \"Departure lounge\", \"Lost and found\"]',10,5,1,'2026-02-25 16:23:39.796887',11,NULL),(131,'speaking','Imagine you need to check in your luggage at the airport. What question would you ask to find out how many bags you are allowed to check in?','How many bags can I check in?',NULL,20,6,1,'2026-02-25 16:23:40.706042',11,NULL),(180,'multiple_choice','Which aspect of business correspondence ensures your message is easily understood and perceived as professional?','Clarity and conciseness','[\"Use of emojis\", \"Clarity and conciseness\", \"Casual tone\", \"Lengthy introductions\"]',10,1,1,'2026-02-26 07:27:51.531224',5,NULL),(181,'fill_blank','Яке з наступних речень найкраще ілюструє правильний тон ділового листування?','Thank you for your prompt response.','[\"Hey, what\'s up?\", \"I guess you forgot to reply.\", \"Thank you for your prompt response.\", \"LOL, that was funny!\"]',10,2,1,'2026-02-26 07:27:52.861027',5,NULL),(182,'translation','Який елемент структури ділового листа може зробити ваше повідомлення більш зрозумілим та професійним?','включення привітання, вступу, тіла листа та висновку','[\"використання неформального сленгу\", \"включення жартів\", \"використання складних мовних зворотів\", \"включення привітання, вступу, тіла листа та висновку\"]',15,3,1,'2026-02-26 07:27:54.259661',5,NULL),(183,'ai_generated','Який з цих аспектів НЕ обговорюється в контенті уроку \'The Art of Business Correspondence\'?','Використання графічних елементів у бізнес-листах','[\"Формат листа\", \"Тон листа\", \"Ясність та конкретика\", \"Використання графічних елементів у бізнес-листах\"]',15,4,1,'2026-02-26 07:27:55.469185',5,NULL),(188,'multiple_choice','Which conditional type is used for real situations in the future?','First Conditional','[\"Zero Conditional\", \"First Conditional\", \"Second Conditional\", \"Third Conditional\"]',10,1,1,'2026-02-26 07:28:33.585496',7,NULL),(189,'fill_blank','If it rains tomorrow, we _______ indoors.','will stay','[\"stay\", \"would stay\", \"stayed\", \"will stay\"]',10,2,1,'2026-02-26 07:28:35.222578',7,NULL),(190,'translation','Який тип умовних речень ви використовуєте для вираження наслідків можливого майбутнього, якщо ви хочете сказати, що підете в кіно, якщо після роботи у вас буде вільний час?','1 тип (First Conditional)','[\"0 тип (Zero Conditional)\", \"1 тип (First Conditional)\", \"2 тип (Second Conditional)\", \"3 тип (Third Conditional)\"]',15,3,1,'2026-02-26 07:28:36.178328',7,NULL),(191,'ai_generated','Which conditional is used to describe a hypothetical situation in the present or future?','Second Conditional','[\"Zero Conditional\", \"First Conditional\", \"Second Conditional\", \"Third Conditional\"]',15,4,1,'2026-02-26 07:28:37.465789',7,NULL),(196,'multiple_choice','Як ви запитаєте офіціанта німецькою, чи є у них вегетаріанські страви?','Haben Sie vegetarische Gerichte?','[\"Haben Sie vegetative Speisen?\", \"Könnten wir bitte die Rechnung bekommen?\", \"Haben Sie vegetarische Gerichte?\", \"Welches Gericht empfehlen Sie?\"]',10,1,1,'2026-02-26 07:29:25.158701',8,NULL),(197,'fill_blank','Коли ви закінчили свою трапезу, як ви ввічливо попросите рахунок у офіціанта?','Könnten wir bitte die Rechnung bekommen?','[\"Könnte ich bitte die Speisekarte sehen?\", \"Haben Sie ein Dessertmenü?\", \"Ich habe Allergien. Ist in diesem Gericht Nüsse?\", \"Könnten wir bitte die Rechnung bekommen?\"]',10,2,1,'2026-02-26 07:29:26.352469',8,NULL),(198,'translation','Як звернутись до офіціанта, щоб отримати меню в ресторані?','Könnte ich bitte die Speisekarte sehen?','[\"Ich möchte bezahlen.\", \"Haben Sie eine Tischreservierung?\", \"Könnten wir bitte die Rechnung bekommen?\", \"Könnte ich bitte die Speisekarte sehen?\"]',15,3,1,'2026-02-26 07:29:27.558957',8,NULL),(199,'ai_generated','Як запитати в офіціанта, чи є у вас алергія на горіхи, на німецькій мові?','Ich habe Allergien. Ist in diesem Gericht Nüsse?','[\"Könnte ich bitte die Speisekarte sehen?\", \"Haben Sie vegetarische Gerichte?\", \"Ich möchte bezahlen.\", \"Ich habe Allergien. Ist in diesem Gericht Nüsse?\"]',15,4,1,'2026-02-26 07:29:28.470180',8,NULL),(200,'multiple_choice','You are in a foreign city and want to find a budget hotel. Which phrase should you use?','Is there a budget hotel nearby?','[\"Can you recommend a good place to eat around here?\", \"I\'m a bit lost, can you help me find the museum?\", \"Is there a budget hotel nearby?\", \"Could you take a picture of us, please?\"]',10,1,1,'2026-02-26 07:30:02.329106',9,NULL),(201,'fill_blank','You are at a restaurant and want to order food. What is the correct question to ask?','What do you want to eat tonight?','[\"Can you help me find the museum?\", \"Is there a budget hotel nearby?\", \"What do you want to eat tonight?\", \"Could you take a picture of us, please?\"]',10,2,1,'2026-02-26 07:30:03.927514',9,NULL),(202,'translation','Запитайте людину про те, чи є поруч ресторан, що підходить за ціною. Як би це звучало англійською мовою?','Is there a budget restaurant nearby?','[\"Is there a budget restaurant nearby?\", \"Can you recommend a good place to eat around here?\", \"Could you take a picture of us, please?\", \"I\'m a bit lost, can you help me find the museum?\"]',15,3,1,'2026-02-26 07:30:05.187312',9,NULL),(203,'ai_generated','You are exploring a new city and want to ask someone to take a photo of you in front of a famous landmark. What is an appropriate question to ask?','Could you take a picture of us, please?',NULL,15,4,1,'2026-02-26 07:30:06.137973',9,NULL),(204,'multiple_choice','Яка фраза виражає оптимістичне ставлення без надмірних обіцянок?','Das steht noch nicht fest, aber wir sind auf einem guten Weg.','[\"Lass uns das Geschäftlich bei einem Kaffee besprechen.\", \"Ich treffe mich mit einem potenziellen Geschäftspartner.\", \"Die Verhandlungen waren lang, aber erfolgreich.\", \"Das steht noch nicht fest, aber wir sind auf einem guten Weg.\"]',10,1,1,'2026-02-26 07:30:38.991640',12,NULL),(205,'fill_blank','Wie kann man auf Deutsch sagen, dass die Verhandlungen noch laufen, aber der Fortschritt positiv ist?','Das steht noch nicht fest, aber wir sind auf einem guten Weg.','[\"Lass uns das Geschäftlich bei einem Kaffee besprechen.\", \"Das steht noch nicht fest, aber wir sind auf einem guten Weg.\", \"Die Zielsetzung für dieses Quartal ist ambitioniert.\", \"Ich treffe mich mit einem potenziellen Geschäftspartner.\"]',10,2,1,'2026-02-26 07:30:40.295106',12,NULL),(206,'translation','Wie nennt man auf Deutsch jemanden, mit dem man geschäftlich zusammenarbeitet?','der Geschäftspartner','[\"der Arbeitgeber\", \"der Geschäftspartner\", \"der Kunde\", \"der Mitarbeiter\"]',15,3,1,'2026-02-26 07:30:41.145619',12,NULL),(207,'ai_generated','Яке слово використовується для опису процесу встановлення цілей у діловій німецькій мові?','die Zielsetzung','[\"die Zielsetzung\", \"die Verhandlung\", \"der Vertrag\", \"der Geschäftspartner\"]',15,4,1,'2026-02-26 07:30:42.391884',12,NULL),(208,'multiple_choice','Який аспект є ключовим у французькій гастрономії, крім інгредієнтів, як сир і вино?','Увага до деталей, баланс смаків і текстур, а також спосіб подачі їжі','[\"Швидкість приготування їжі\", \"Кількість використаних спецій\", \"Увага до деталей, баланс смаків і текстур, а також спосіб подачі їжі\", \"Сезонність інгредієнтів\"]',10,1,1,'2026-02-26 07:31:10.719933',15,NULL),(209,'fill_blank','Як називається людина, яка у Франції готує та продає свіжий хліб?','Булочник','[\"Винороб\", \"Булочник\", \"Кондитер\", \"Кулінар\"]',10,2,1,'2026-02-26 07:31:11.681615',15,NULL),(210,'translation','Який інгредієнт є важливою частиною французьких прийомів їжі і його готують булочники рано вранці?','Хліб','[\"Сир\", \"Вино\", \"Хліб\", \"Масло\"]',15,3,1,'2026-02-26 07:31:12.702430',15,NULL),(211,'ai_generated','Який компонент важливий для балансу смаків у французькій гастрономії?','Увага до деталей','[\"Увага до деталей\", \"Використання консервантів\", \"Виключно сир та вино\", \"Обов\'язкове десертне меню\"]',15,4,1,'2026-02-26 07:31:14.073896',15,NULL),(212,'multiple_choice','Яке іспанське слово вживається для висловлення подяки?','Gracias','[\"Gracias\", \"Hola\", \"Amigo\", \"Perdón\"]',10,1,1,'2026-02-26 07:32:13.928444',18,NULL),(213,'fill_blank','In the first lesson of Spanish Connection, the teacher says goodbye using the phrase \'Hasta ___.\'','luego','[\"luego\", \"días\", \"noche\", \"mañana\"]',10,2,1,'2026-02-26 07:32:15.956563',18,NULL),(214,'translation','Як сказати \'Дякую за твою допомогу\' іспанською мовою?','Gracias por tu ayuda.','[\"Gracias por tu ayuda.\", \"Hasta luego, ha sido un placer.\", \"Nos vemos mañana.\", \"Buenos días, ¿cómo está usted?\"]',15,3,1,'2026-02-26 07:32:17.103602',18,NULL),(215,'ai_generated','Як ви попросите будь ласка людину, щоб вона передала вам сіль на іспанській мові?','¿Me pasas la sal, por favor?','[\"¿Me pasas la sal, por favor?\", \"¿Dónde está el baño?\", \"Hola, ¿qué tal?\", \"Disculpe, ¿sabe dónde está el baño?\"]',15,4,1,'2026-02-26 07:32:18.334988',18,NULL),(216,'multiple_choice','What is a key strategy to establish a strong connection during negotiations?','Using empathy and listening without interruptions.','[\"Using empathy and listening without interruptions.\", \"Presenting a highball offer at the start.\", \"Focusing solely on your own objectives.\", \"Avoiding any compromise.\"]',10,1,1,'2026-02-26 07:33:08.316196',6,NULL),(217,'fill_blank','To establish a strong connection during negotiations, it\'s crucial to actively ____________ without interruptions.','listen','[\"negotiate\", \"compromise\", \"listen\", \"assert\"]',10,2,1,'2026-02-26 07:33:09.381223',6,NULL),(218,'translation','Яка з наступних переговорних тактик має на меті досягнення взаємовигідного рішення для обох сторін?','Win-win','[\"Good cop, bad cop\", \"Win-win\", \"Highball/Lowball\", \"Hardball\"]',15,3,1,'2026-02-26 07:33:11.405389',6,NULL),(219,'ai_generated','Яка стратегія переговорів спрямована на досягнення взаємовигідного рішення для обох сторін?','Win-win','[\"Good cop, bad cop\", \"Win-win\", \"Highball/Lowball\", \"Playing hardball\"]',15,4,1,'2026-02-26 07:33:12.604867',6,NULL),(220,'multiple_choice','You need help with your bags at the airport. Which question should you ask?','\"Could you help me with my luggage?\"','[\"\\\"Where is the check-in counter for [airline]?\\\"\", \"\\\"Could you help me with my luggage?\\\"\", \"\\\"I think my flight is delayed.\\\"\", \"\\\"This layover is killing me!\\\"\"]',10,1,1,'2026-02-26 07:33:44.445936',10,NULL),(221,'fill_blank','Complete the sentence: The flight to London will depart from _____ 21.','gate',NULL,10,2,1,'2026-02-26 07:33:45.608578',10,NULL),(222,'translation','What should you be ready with while approaching the gate for your flight?','Boarding pass','[\"Passport\", \"Luggage tag\", \"Boarding pass\", \"Reservation number\"]',15,3,1,'2026-02-26 07:33:46.635849',10,NULL),(223,'ai_generated','Which document should you have ready when approaching the boarding area?','Boarding pass','[\"Boarding pass\", \"Luggage tag\", \"Check-in confirmation\", \"Passport\"]',15,4,1,'2026-02-26 07:33:47.689012',10,NULL),(224,'multiple_choice','Яке з наступних речень відображає ділову ситуацію з уроку?','Wir müssen unsere Strategie überdenken, um den Marktanteil zu erhöhen.','[\"Lass uns einen Slot für die Telko finden.\", \"Können Sie mir das Angebot bis zum Ende der Woche zusenden?\", \"Wir müssen unsere Strategie überdenken, um den Marktanteil zu erhöhen.\", \"Das Meeting wurde auf nächste Woche verschoben.\"]',10,1,1,'2026-02-26 07:34:29.585633',13,NULL),(225,'fill_blank','Як німецькою буде слово \'стратегія\' у контексті ділового спілкування?','Strategie','[\"Market\", \"Strategie\", \"Termin\", \"Angebot\"]',10,2,1,'2026-02-26 07:34:30.649783',13,NULL),(226,'translation','Виберіть правильний переклад виразу **\"Wir müssen unsere Strategie überdenken, um den Marktanteil zu erhöhen.\"**','We need to rethink our strategy to increase market share.','[\"We need to increase our sales volume.\", \"We need to find time for a telephone conference.\", \"We need to rethink our strategy to increase market share.\", \"We need to set a date for the meeting.\"]',15,3,1,'2026-02-26 07:34:32.506151',13,NULL),(227,'ai_generated','Виберіть правильне слово, щоб завершити речення: \'Unser Ziel ist es, die _____ zu steigern.\'','Verkaufszahlen','[\"Strategie\", \"Meeting\", \"Verkaufszahlen\", \"Marktanteil\"]',15,4,1,'2026-02-26 07:34:33.682569',13,NULL),(228,'multiple_choice','How do you call a task that is waiting to be started?','Backlog','[\"Backlog\", \"Sprint\", \"Fix\", \"Merge\"]',10,1,0,'2026-02-27 08:10:15.991210',33,NULL),(229,'translation','Translate: \"Я працюю над виправленням багу\"','I am working on fixing a bug',NULL,10,2,0,'2026-02-27 08:10:15.993664',33,NULL),(230,'translation','Як спитати \"Де я знайду молоко?\"','Wo finde ich Milch?',NULL,10,1,0,'2026-02-27 08:10:16.001837',34,NULL),(231,'multiple_choice','Що означає \"Kassenbon\"?','Чек','[\"Чек\", \"Пакет\", \"Гроші\", \"Знижка\"]',10,2,0,'2026-02-27 08:10:16.003942',34,NULL),(232,'multiple_choice','How do you ask for the bill?','La cuenta, por favor','[\"La cuenta, por favor\", \"Hola\", \"Gracias\", \"Perdón\"]',10,1,0,'2026-02-27 08:10:16.009959',35,NULL),(233,'translation','Translate: \"Стіл для двох\"','Una mesa para dos',NULL,10,2,0,'2026-02-27 08:10:16.012534',35,NULL),(234,'multiple_choice','Which word means \"a budget\"?','Un budget','[\"Un budget\", \"Une dépense\", \"Un profit\", \"Une perte\"]',10,1,0,'2026-02-27 08:10:16.018945',36,NULL),(235,'translation','Translate: \"Ми маємо обговорити дедлайни\"','Nous devons discuter des délais',NULL,10,2,0,'2026-02-27 08:10:16.020503',36,NULL),(236,'multiple_choice','What is a \'value proposition\'?','The unique value a product gives to customers','[\"The price of the product\", \"The unique value a product gives to customers\", \"The target market demographic\", \"A legal business contract\"]',10,1,0,'2026-03-26 11:37:56.288628',43,NULL),(237,'fill_blank','Our startup has gained significant _______ since launching last month.','traction',NULL,15,2,0,'2026-03-26 11:37:56.289629',43,NULL),(238,'multiple_choice','Which phrase is commonly used in Mexico to say \'What\'s up?\'','¿Qué onda?','[\"¿Qué tal?\", \"¿Qué onda?\", \"¿Qué pasa?\", \"¿Cómo andas?\"]',10,1,0,'2026-03-26 11:37:56.297464',44,NULL),(239,'translation','Translate to street Spanish (Spain): \'What\'s up?\'','¿Qué pasa?',NULL,20,2,0,'2026-03-26 11:37:56.300079',44,NULL),(240,'fill_blank','Je _________ un croissant, s\'il vous plaît.','voudrais',NULL,15,1,0,'2026-03-26 11:37:56.307405',45,NULL),(241,'multiple_choice','If your friend tells a crazy story and asks \'Do you think I\'m lying?\', how would you respond using internet slang?','No cap, I believe you.','[\"I am salty.\", \"No cap, I believe you.\", \"Spill the coffee.\", \"Where is your hat?\"]',15,1,0,'2026-03-26 11:40:47.604113',46,NULL),(242,'fill_blank','Stop hiding the details! Come on, spill the ________!','tea',NULL,10,2,0,'2026-03-26 11:40:47.606113',46,NULL),(243,'multiple_choice','Your friend is starting a very difficult exam. Which movie quote is perfect for wishing them luck?','May the Force be with you.','[\"I\'ll be back.\", \"May the Force be with you.\", \"We are not in Kansas.\", \"Here\'s looking at you, kid.\"]',20,1,0,'2026-03-26 11:40:47.612631',47,NULL),(244,'translation','Translate to German: \'A liter of beer, please!\'','Ein Maß Bier, bitte!',NULL,20,1,0,'2026-03-26 11:40:47.620008',48,NULL),(245,'multiple_choice','What is the most important rule when saying \'Prost!\' in Germany?','You must look the person in the eyes','[\"You must stand up\", \"You must look the person in the eyes\", \"You must clink glasses twice\", \"You must finish your drink\"]',15,2,0,'2026-03-26 11:40:47.621356',48,NULL),(246,'fill_blank','The Mona Lisa is a true ________ (masterpiece).','capolavoro',NULL,20,1,0,'2026-03-26 11:40:47.628302',49,NULL),(247,'multiple_choice','What does the technique \'sfumato\' refer to?','A soft painting technique without harsh outlines','[\"A type of canvas\", \"A soft painting technique without harsh outlines\", \"A method for mixing oil colors\", \"Painting rapidly before plaster dries\"]',15,2,0,'2026-03-26 11:40:47.630307',49,NULL),(248,'multiple_choice','If a song is extremely good, what is the best internet slang term to describe it?','It slaps','[\"It is salty\", \"It slaps\", \"It spills the tea\", \"It ghosts\"]',10,1,0,'2026-03-26 11:46:35.247305',50,NULL),(249,'multiple_choice','What does the acronym \'FOMO\' stand for?','Fear Of Missing Out','[\"For Our Main Objective\", \"Fear Of Missing Out\", \"Find Only My Opinions\", \"Face On My Own\"]',10,2,0,'2026-03-26 11:46:35.256771',50,NULL),(250,'multiple_choice','What is a \'Maß\' in the context of Oktoberfest?','A one-liter glass of beer','[\"A traditional German dance\", \"A one-liter glass of beer\", \"A roasted chicken\", \"A German folk song\"]',10,1,0,'2026-03-26 11:46:35.264932',51,NULL),(251,'multiple_choice','What is the strict rule when saying \'Prost!\' (Cheers) in Germany?','You must look the other person directly in the eyes','[\"You must stand on the table\", \"You must look the other person directly in the eyes\", \"You must drink the entire glass at once\", \"You must avoid eye contact\"]',10,2,0,'2026-03-26 11:46:35.265933',51,NULL),(252,'multiple_choice','In startup terminology, what does \'Traction\' refer to?','Measurable evidence of customer growth or revenue','[\"The design of your logo\", \"Measurable evidence of customer growth or revenue\", \"The initial problem you are trying to solve\", \"The amount of money you want to raise\"]',10,1,0,'2026-03-26 11:46:35.274573',52,NULL),(253,'multiple_choice','If you are traveling in Mexico, what is the most common slang word for \'dude\' or \'bro\'?','Güey','[\"Tío\", \"Che\", \"Güey\", \"Parce\"]',10,1,0,'2026-03-26 11:46:35.285435',53,NULL),(254,'multiple_choice','While studying English Through Pop Culture, you come across the term \'Easter egg\' frequently. What does it refer to in the context of pop culture?','A hidden message, inside joke, or secret feature in a movie, video game, or other form of media','[\"A type of chocolate treat enjoyed during Easter\", \"A popular dance move in music videos\", \"A character from a famous TV show\", \"A type of movie genre\"]',20,1,1,'2026-03-29 09:56:32.010725',NULL,10),(255,'multiple_choice','During a recent final exam, students were asked to analyze the lyrics of a popular song and identify which literary device was used in the chorus. What aspect of English Through Pop Culture does this question mainly focus on?','Analyzing pop song lyrics for literary devices','[\"Translating song lyrics\", \"Identifying musical instruments in a song\", \"Discussing the artist\'s biography\", \"Interpreting dance moves in a music video\"]',20,2,1,'2026-03-29 09:56:34.419938',NULL,10),(256,'fill_blank','While studying English Through Pop Culture, you came across the term \'Easter egg\' several times. What does \'Easter egg\' refer to in the context of pop culture?','A hidden message, image, or feature in a movie, video game, or software','[\"A traditional Easter gift\", \"A popular Easter dessert\", \"A hidden message, image, or feature in a movie, video game, or software\", \"A type of Easter decoration\"]',20,3,1,'2026-03-29 09:56:37.946082',NULL,10),(257,'multiple_choice','While studying English Through Pop Culture, you come across a term \'Binge-watching\'. What does it mean in the context of TV shows and series?','Watching multiple episodes of a show in one sitting','[\"Watching TV shows on a schedule\", \"Watching TV shows in random order\", \"Watching TV shows with subtitles\", \"Watching TV shows on different devices\"]',20,4,1,'2026-03-29 09:56:40.319269',NULL,10),(258,'multiple_choice','While studying English Through Pop Culture, you came across the term \'easter egg.\' What does this term refer to in pop culture?','Hidden message, reference, or inside joke placed in a movie, book, or video game for fans to find','[\"Traditional Easter celebration in pop culture\", \"Main character in a popular TV show\", \"A new type of candy popular in movies\", \"A type of music genre\"]',20,5,1,'2026-03-29 09:56:41.346931',NULL,10),(259,'fill_blank','Durante il Rinascimento, chi è stato uno dei più grandi artisti italiani che ha dipinto La Gioconda, un\'opera d\'arte famosissima in tutto il mondo?','Leonardo da Vinci','[\"Michelangelo\", \"Raffaello\", \"Leonardo da Vinci\", \"Caravaggio\"]',20,1,1,'2026-03-29 09:56:43.568840',NULL,11),(260,'multiple_choice','Which Italian Renaissance artist is known for painting the ceiling of the Sistine Chapel in the Vatican?','Michelangelo','[\"Leonardo da Vinci\", \"Raphael\", \"Caravaggio\", \"Michelangelo\"]',20,2,1,'2026-03-29 09:56:45.859480',NULL,11),(261,'multiple_choice','Chi è considerato il padre della lingua italiana e autore della Divina Commedia?','Dante Alighieri','[\"Petrarca\", \"Boccaccio\", \"Dante Alighieri\", \"Leonardo da Vinci\"]',20,3,1,'2026-03-29 09:56:47.930117',NULL,11),(262,'fill_blank','Chi è l\'artista rinascimentale italiano conosciuto per i suoi affreschi nella Cappella Sistina a Roma?','Michelangelo','[\"Leonardo da Vinci\", \"Raffaello Sanzio\", \"Caravaggio\", \"Michelangelo\"]',20,4,1,'2026-03-29 09:56:49.049358',NULL,11),(263,'multiple_choice','Quale artista italiano è noto per il suo capolavoro \'La Gioconda\' esposto al Louvre di Parigi?','Leonardo da Vinci','[\"Michelangelo\", \"Raffaello\", \"Leonardo da Vinci\", \"Caravaggio\"]',20,5,1,'2026-03-29 09:56:49.930998',NULL,11),(264,'multiple_choice','Du bist auf dem Oktoberfest und möchtest ein Bier bestellen. Welchen Satz verwendest du?','Ein Bier, bitte.','[\"Kann ich ein Bier haben?\", \"Ist das ein Bier?\", \"Bier ist lecker.\", \"Mein Bier ist kalt.\"]',20,1,1,'2026-03-29 09:56:52.211115',NULL,12),(265,'multiple_choice','You arrive at Oktoberfest and want to order a beer. Which phrase should you use to ask for \'one beer\' in German?','Ein Bier, bitte','[\"Ein Wasser, bitte\", \"Zwei Bier, bitte\", \"Danke schön\", \"Guten Tag\"]',20,2,1,'2026-03-29 09:56:53.276514',NULL,12),(266,'fill_blank','Während des Oktoberfestes in München trinken die Menschen traditionell viel ____________.','Bier','[\"Wein\", \"Wasser\", \"Kaffee\", \"Limonade\"]',20,3,1,'2026-03-29 09:56:54.173820',NULL,12),(267,'multiple_choice','You arrive at the Oktoberfest and want to order a beer. What phrase should you use to ask for one in German?','Ein Bier, bitte.','[\"Eine Cola, bitte.\", \"Ein Wasser, bitte.\", \"Ein Bier, bitte.\", \"Ein Kaffee, bitte.\"]',20,4,1,'2026-03-29 09:56:55.160350',NULL,12),(268,'fill_blank','Während des Oktoberfests in München trinken die Besucher typischerweise... (вираз, що означає \'drink\')','Bier','[\"Wasser\", \"Kaffee\", \"Tee\", \"Bier\"]',20,5,1,'2026-03-29 09:56:56.227662',NULL,12),(269,'multiple_choice','En Français pour les Gourmets, quel terme utilise-t-on pour décrire un plat préparé avec des ingrédients de la plus haute qualité et souvent préparé avec soin par un chef expérimenté?','Gastronomique','[\"Délicieux\", \"Bon marché\", \"Simple\", \"Épicé\"]',20,1,1,'2026-03-29 09:56:57.421487',NULL,13),(270,'fill_blank','Dans le cadre de l\'examen final couvrant tous les aspects de Français pour les Gourmets, comment peut-on décrire un plat en français pour exprimer qu\'il est très savoureux et délicieux?','Ce plat est un délice!','[\"Ce plat est très grand.\", \"Ce plat est très cher.\", \"Ce plat est très salé.\", \"Ce plat est un délice!\"]',20,2,1,'2026-03-29 09:57:00.918396',NULL,13),(271,'multiple_choice','Vous organisez un dîner français pour vos amis et vous voulez impressionner avec un plat traditionnel. Que préparez-vous si vous voulez servir un plat à base de viande hachée et d\'oignons caramélisés enveloppés dans de la pâte feuilletée ?','Bœuf en croûte','[\"Ratatouille\", \"Bœuf en croûte\", \"Coq au vin\", \"Escargots de Bourgogne\"]',20,3,1,'2026-03-29 09:57:02.382223',NULL,13),(272,'multiple_choice','Vous organisez un dîner français pour vos amis et vous souhaitez servir une soupe à l\'oignon. Comment dites-vous \'soupe à l\'oignon\' en français?','Soupe à l\'oignon','[\"Soupe aux champignons\", \"Soupe à la tomate\", \"Soupe au potiron\", \"Soupe à l\'oignon\"]',20,4,1,'2026-03-29 09:57:03.562463',NULL,13),(273,'multiple_choice','Which of the following is the most appropriate formal closing for a business email when you don\'t know the recipient\'s name?','Yours faithfully','[\"Cheers\", \"Best regards\", \"Yours faithfully\", \"Talk soon\"]',10,1,0,'2026-03-29 10:01:37.264425',NULL,23),(274,'fill_blank','I am looking forward ___ (to) meeting you next week. Fill in the missing preposition.','to',NULL,10,2,0,'2026-03-29 10:01:37.266545',NULL,23),(275,'multiple_choice','In a professional context, what does the acronym \'BCC\' stand for in an email header?','Blind Carbon Copy','[\"Business Carbon Copy\", \"Blind Carbon Copy\", \"Basic Communication Code\", \"Brief Corporate Chat\"]',10,3,0,'2026-03-29 10:01:37.270653',NULL,23),(276,'fill_blank','Could you please ___ (send) me the latest sales report by the end of the day? Fill in the missing verb.','send',NULL,10,4,0,'2026-03-29 10:01:37.273721',NULL,23),(277,'multiple_choice','When scheduling a meeting or an event, what does \'TBA\' usually mean?','To Be Announced','[\"To Be Announced\", \"Totally Basic Agreement\", \"Time Between Acts\", \"Technical Board Assessment\"]',10,5,0,'2026-03-29 10:01:37.276853',NULL,23),(278,'multiple_choice','Which of these words is a synonym for \'postpone\' in a business setting?','Defer','[\"Advance\", \"Defer\", \"Hasten\", \"Implement\"]',10,6,0,'2026-03-29 10:01:37.278363',NULL,23),(279,'fill_blank','We need to hammer ___ (out) the final details of the contract before signing. Fill in the missing particle.','out',NULL,10,7,0,'2026-03-29 10:01:37.280363',NULL,23),(280,'multiple_choice','Which phrase is commonly used to start a formal business meeting?','Let\'s get down to business.','[\"What\'s up guys?\", \"Let\'s get down to business.\", \"Why are we here?\", \"Tell me a joke.\"]',10,8,0,'2026-03-29 10:01:37.283875',NULL,23),(281,'fill_blank','I\'m sorry, I didn\'t quite catch that. Could you please ___ (repeat) what you just said? Fill in the missing verb.','repeat',NULL,10,9,0,'2026-03-29 10:01:37.287413',NULL,23),(282,'multiple_choice','What does the abbreviation \'EOD\' stand for in business communication?','End Of Day','[\"End Of Day\", \"Each Other\'s Data\", \"Early Out Draft\", \"Electronic Office Document\"]',10,10,0,'2026-03-29 10:01:37.290414',NULL,23);
/*!40000 ALTER TABLE `exercises` ENABLE KEYS */;
UNLOCK TABLES;

--
-- Table structure for table `lessons`
--

DROP TABLE IF EXISTS `lessons`;
/*!40101 SET @saved_cs_client     = @@character_set_client */;
/*!50503 SET character_set_client = utf8mb4 */;
CREATE TABLE `lessons` (
  `id` bigint NOT NULL AUTO_INCREMENT,
  `title` varchar(200) COLLATE utf8mb4_unicode_ci NOT NULL,
  `description` longtext COLLATE utf8mb4_unicode_ci NOT NULL,
  `order` int NOT NULL,
  `content` longtext COLLATE utf8mb4_unicode_ci NOT NULL,
  `is_active` tinyint(1) NOT NULL,
  `created_at` datetime(6) NOT NULL,
  `updated_at` datetime(6) NOT NULL,
  `course_id` bigint NOT NULL,
  PRIMARY KEY (`id`),
  KEY `lessons_course_id_96ce8d06_fk_courses_id` (`course_id`),
  CONSTRAINT `lessons_course_id_96ce8d06_fk_courses_id` FOREIGN KEY (`course_id`) REFERENCES `courses` (`id`)
) ENGINE=InnoDB AUTO_INCREMENT=54 DEFAULT CHARSET=utf8mb4 COLLATE=utf8mb4_unicode_ci;
/*!40101 SET character_set_client = @saved_cs_client */;

--
-- Dumping data for table `lessons`
--

LOCK TABLES `lessons` WRITE;
/*!40000 ALTER TABLE `lessons` DISABLE KEYS */;
INSERT INTO `lessons` VALUES (5,'The Art of Business Correspondence','Навчіться писати професійні імейли, які отримують відповіді.',1,'# Business English: Mastering Professionalism: The Art of Business Correspondence\n\n## Вступ ?\nУ сучасному світі ділового спілкування, мистецтво бізнес-кореспонденції є ключовим елементом професіоналізму. Вміння чітко та ввічливо висловлювати свої думки, звертатися до партнерів, клієнтів та колег не лише підвищує ваш авторитет, але й сприяє ефективній взаємодії.\n\n## Основні нюанси ?\n\n- **Формат листа**. Сучасна бізнес-кореспонденція часто відбувається електронно, але структура та формальність залишаються важливими. Включення привітання, вступу, тіла листа та висновку може зробити ваше повідомлення більш зрозумілим та професійним.\n\n- **Тон**. Слова, які ви вибираєте, і як ви їх використовуєте, можуть значно вплинути на сприйняття вашого листа. Навіть у електронній пошті важливо зберігати професійний тон, уникаючи занадто неформального сленгу чи жартів, які можуть бути неправильно інтерпретовані.\n\n- **Ясність та конкретика**. Будьте чіткими щодо вашої мети: чи це запит на інформацію, відповідь на запитання, чи просто повідомлення з подякою? Використання прямої мови та уникнення надмірної деталізації може допомогти отримувачу швидко зрозуміти суть.\n\n## \"Живі\" приклади речень ?\n\n- **\"I\'m reaching out to inquire about...\"** - Я звертаюся, щоб запитати про...\n  \n- **\"Thank you for your prompt response.\"** - Дякую за швидку відповідь.\n  \n- **\"Could you please provide more details regarding...?\"** - Чи могли б ви, будь ласка, надати більше деталей щодо...?\n\n- **\"Let\'s circle back to this after we have more information.\"** - Давайте повернемося до цього питання, коли у нас буде більше інформації.\n\n## Словничок ?\n\n1. **Inquire** [ɪnˈkwaɪə(r)] - запитувати; \"I need to **inquire** about the meeting schedule.\"\n2. **Prompt** [prɒmpt] - швидкий; \"Your **prompt** reply is appreciated.\"\n3. **Details** [ˈdiːteɪlz] - деталі; \"Please, provide further **details**.\"\n4. **Clarification** [ˌklærɪfɪˈkeɪʃən] - уточнення; \"I seek **clarification** on the project scope.\"\n5. **Feedback** [ˈfiːdbæk] - відгук; \"Your **feedback** is crucial for our improvement.\"\n6. **Agenda** [əˈdʒendə] - порядок денний; \"Let\'s discuss the meeting **agenda**.\"\n7. **Deadline** [ˈdedlaɪn] - крайній термін; \"The **deadline** for submissions is next Friday.\"\n8. **Proposal** [prəˈpəʊzəl] - пропозиція; \"We have reviewed your **proposal**.\"\n9. **Engage** [ɪnˈɡeɪdʒ] - залучати; \"We aim to **engage** more clients.\"\n10. **Negotiation** [nɪˌɡəʊʃɪˈeɪʃən] - переговори; \"The **negotiation** process was tough but fruitful.\"\n\n## Чи знаєте ви? ?\n\n- **Email Etiquette**. Чи знали ви, що використання ВЕЛИКИХ ЛІТЕР в електронних листах може бути сприйнято, як крик? Також, важливо використовувати професійну електронну адресу для ділової кореспонденції.\n\n- **Cultural Differences**. У деяких культурах, включаючи японську, велика увага приділяється ввічливості та формальному стилю спілкування у ділових листах, навіть більше, ніж у західних країнах.\n\n## Поради від поліглотів ?\n\n- **Практика**. Найкращий спосіб освоїти бізнес-англійську - практикуватись у написанні реальних листів та електронних повідомлень, звертаючи увагу на зворотній зв\'язок.\n\n- **Читання**. Ознайомлення з професійними листами та документами не лише допоможе вам краще розуміти структуру та тон, але й розширить ваш словниковий запас.\n\n- **Симуляції**. Спробуйте вести переговори та обговорювати ділові питання з колегами або в рамках мовних мітапів, це допоможе вам стати впевненішими в бізнес-спілкуванні.\n\nЦей урок є лише початком вашої подорожі в мистецтво бізнес-кореспонденції. Пам’ятайте, що постійна практика, увага до деталей та відкритість до навчання допоможуть вам досягти майстерності.',1,'2026-02-11 16:00:23.953301','2026-02-26 07:27:50.383306',6),(6,'Negotiation Tactics & Psychology','Як досягати вигідних умов у ділових зустрічах.',2,'# Business English: Mastering Professionalism: Negotiation Tactics & Psychology\n\n## Вступ ?\nПоговоримо про мистецтво переговорів у бізнесі, яке часто відіграє ключову роль у досягненні успіху. Оволодіння цією майстерністю не лише допоможе вам краще розуміти своїх партнерів, але й навчити досягати бажаних результатів, зберігаючи професійні стосунки на високому рівні.\n\n### Детальне пояснення теми ?\nУ навчанні переговорам велике значення має розуміння психології спілкування та стратегій, що лежать в основі успішної діалогічної взаємодії. Розглянемо ключові аспекти:\n\n- **Підготовка до переговорів**: збір інформації, аналіз сильних і слабких сторін, визначення цілей.\n- **Встановлення зв\'язку**: використання емпатії, слухання без переривань, демонстрація відкритості і поваги.\n- **Переговорні тактики**: \"Good cop, bad cop\", \"Win-win\", та \"Highball/Lowball\".\n- **Управління конфліктами**: ідентифікація причин конфлікту, пошук спільних інтересів, зміщення фокусу на співпрацю.\n\n#### \"Живі\" приклади речень:\n- \"Let\'s think outside the box to find a common ground.\" - Давайте подумаємо нестандартно, щоб знайти спільну мову.\n- \"Playing hardball might backfire in these negotiations.\" - Грати в \"жорсткі ігри\" може вдарити нам по руках під час цих переговорів.\n\n### Словничок ?\n1. **Negotiation** [ˌnɛɡəʊʃɪˈeɪʃn] - переговори - \"Effective negotiation is key in business.\"\n2. **Tactic** [ˈtæktɪk] - тактика - \"Their main tactic was surprisingly straightforward.\"\n3. **Psychology** [saɪˈkɒlədʒi] - психологія - \"Understanding psychology helps in negotiations.\"\n4. **Empathy** [ˈɛmpəθi] - емпатія - \"Showing empathy can ease tense moments.\"\n5. **Conflict** [ˈkɒnflɪkt] - конфлікт - \"Conflict resolution is an essential skill.\"\n6. **Strategy** [ˈstrætɪdʒi] - стратегія - \"Their strategy was to negotiate patiently.\"\n7. **Objective** [əbˈdʒɛktɪv] - ціль - \"Our main objective is to close the deal today.\"\n8. **Compromise** [ˈkɒmprəmaɪz] - компроміс - \"Finding a compromise is often beneficial.\"\n9. **Empower** [ɛmˈpaʊə] - надавати силу - \"Empower your team during negotiations.\"\n10. **Consensus** [kənˈsɛnsəs] - консенсус - \"We reached a consensus after lengthy discussions.\"\n\n### Чи знаєте ви? ?\n- **\"Breaking the ice\"** в англійській мові означає \"розрядити атмосферу\" або \"почати обговорення з легкої теми\", що є важливою тактикою на початку переговорів.\n- В **Великобританії** високо цінуються ввічливість і стриманість під час бізнес-спілкування, тому важливо вміти читати між рядками.\n\n### Поради від поліглотів ?\n- **Практикуйтесь у реальних ситуаціях**: найкращий спосіб навчитися – це занурення у процес.\n- **Вивчайте ідіоми та фразові дієслова**: це збагатить вашу мову і допоможе краще зрозуміти суть переговорів.\n- **Слухання і спостереження**: звертайте увагу на мову тіла, тон голосу та вибір слів вашого співрозмовника.\n\nЦей урок лише початок вашого шляху до майстерності у переговорах. Пам\'ятайте, що кожна переговорна ситуація унікальна, і гнучкість розуму є вашим найкращим інструментом. успіхів!',1,'2026-02-11 16:00:23.957827','2026-02-26 07:33:07.048244',6),(7,'Mastering Conditionals (0, 1, 2, 3)','Як говорити про гіпотетичні ситуації без помилок.',1,'# English Grammar: The Hard Parts: Mastering Conditionals (0, 1, 2, 3)\n\n## ? Вступ\n\nУ цьому уроці ми поглиблено зануримося в один із найскладніших аспектів англійської граматики - умовні речення (Conditionals). Ми розглянемо чотири основні типи умовних речень і детально зупинимося на їх нюансах, використовуючи сучасні приклади, ідіоми та ситуації з реального життя.\n\n## ? Детальне пояснення теми\n\nУмовні речення в англійській мові поділяються на чотири типи: 0, 1, 2, 3. Кожен тип має свої особливості та використовується для вираження різних ступенів реальності та можливості.\n\n### 0 тип (Zero Conditional)\nВикористовується для висловлення загальновідомих фактів або закономірностей.\n- **Структура:** If + present simple, present simple.\n- **Приклад:** \"If you heat ice, it melts.\" (Якщо нагрівати лід, він тане.)\n\n### 1 тип (First Conditional)\nВикористовується для реальних ситуацій у майбутньому.\n- **Структура:** If + present simple, will + infinitive.\n- **Приклад:** \"If it rains tomorrow, we will stay at home.\" (Якщо завтра буде дощ, ми залишимося вдома.)\n\n### 2 тип (Second Conditional)\nВикористовується для нереальних ситуацій у теперішньому або майбутньому.\n- **Структура:** If + past simple, would + infinitive.\n- **Приклад:** \"If I had a million dollars, I would travel the world.\" (Якби у мене був мільйон доларів, я б подорожував світом.)\n\n### 3 тип (Third Conditional)\nВикористовується для нереальних ситуацій у минулому.\n- **Структура:** If + past perfect, would have + past participle.\n- **Приклад:** \"If I had known you were in town, I would have called you.\" (Якби я знав, що ти в місті, я б зателефонував тобі.)\n\n## ? \"Живі\" приклади\n\n- **0 тип:** \"If you mix red and blue, you get purple.\" (Якщо змішати червоний і синій, вийде фіолетовий.)\n- **1 тип:** \"If she finishes her work early, she\'ll catch the 6 PM train.\" (Якщо вона закінчить роботу раніше, вона встигне на потяг о 18:00.)\n- **2 тип:** \"If I were you, I\'d reconsider that offer.\" (На твоєму місці я б переосмислив ту пропозицію.)\n- **3 тип:** \"If he had taken the job, he would be living in Japan now.\" (Якби він прийняв ту роботу, зараз він жив би в Японії.)\n\n## ? Словничок\n\n1. **Melt** [melt] - танути; \"Watch how sugar melts in hot tea.\"\n2. **Reconsider** [ˌriːkənˈsɪdər] - переосмислювати; \"I\'ll have to reconsider my decision.\"\n3. **Catch** [kætʃ] - встигнути; \"She hopes to catch the early train.\"\n4. **Offer** [ˈɒfər] - пропозиція; \"He made an offer I couldn\'t refuse.\"\n5. **Job** [dʒɒb] - робота; \"He\'s looking for a new job.\"\n\n(Продовжуйте список за аналогічним зразком для інших слів.)\n\n## ? Чи знаєте ви?\n\n- **Ідіоми та сленг:** Англійська мова багата на ідіоми, які часто використовуються в повсякденному спілкуванні. Наприклад, \"It\'s raining cats and dogs\" означає, що йде сильний дощ.\n- **Культурний аспект:** В Англії існує традиція \"Tea time\", яка не просто про чай, а про важливий елемент соціального спілкування.\n\n## ? Поради від поліглотів\n\n1. **Практика робить майстра:** Намагайтеся використовувати умовні речення у вашому повсякденному спілкуванні.\n2. **Візуалізація:** Створюйте ментальні картинки для кожного типу умовного речення, це допоможе запам\'ятати їх краще.\n3. **Ігри на мовну тематику:** Використовуйте мовні ігри, які дозволяють практикувати вживання різних типів умовних речень.\n\nЗастосування цих порад та ретельне вивчення наданих матеріалів допоможуть вам швидко освоїти і майстерно використовувати умовні речення в англійській мові. Успіхів!',1,'2026-02-11 16:00:23.965729','2026-02-26 07:28:32.781549',7),(8,'Im Restaurant (В ресторані)','Як замовити їжу та попросити рахунок.',1,'# Німецька для мандрівників: Im Restaurant (В ресторані) ?️\n\nВідвідування ресторану в іншій країні може бути справжнім пригодою. Для того, щоб ваше спілкування з офіціантами та вибір страв пройшли якнайгладше, пропонуємо ознайомитися з нашим детальним навчальним матеріалом.\n\n### Основні фрази і вирази\n\n1. **Еine Tischreservierung** (айнэ тишрезервірунґ) - резервування столика.\n    - *Haben Sie eine Tischreservierung?* - У вас є резервування столика?\n\n2. **Die Speisekarte** (ді шпайзекарте) - меню.\n    - *Könnte ich bitte die Speisekarte sehen?* - Чи можу я, будь ласка, подивитися меню?\n\n3. **Die Bestellung** (ді бестеллунґ) - замовлення.\n    - *Ich möchte meine Bestellung aufgeben.* - Я хочу зробити замовлення.\n\n4. **Das Gericht** (дас ґеріхт) - страва.\n    - *Welches Gericht empfehlen Sie?* - Яку страву ви рекомендуєте?\n\n5. **Die Rechnung** (ді рехнунґ) - рахунок.\n    - *Könnten wir bitte die Rechnung bekommen?* - Чи можемо ми отримати рахунок?\n\n6. **Bezahlen** (бецален) - платити.\n    - *Ich möchte bezahlen.* - Я хочу заплатити.\n\n7. **Trinkgeld** (трінкґельд) - чайові.\n    - *Wie viel Trinkgeld soll ich geben?* - Скільки чайових я повинен дати?\n\n8. **Vegetarisch** (веґетаріш) - вегетаріанський.\n    - *Haben Sie vegetarische Gerichte?* - У вас є вегетаріанські страви?\n\n9. **Glutenfrei** (ґлютенфрай) - без глютену.\n    - *Ich brauche ein glutenfreies Gericht.* - Мені потрібна страва без глютену.\n\n10. **Die Vorspeise** (ді форшпайзе) - закуска.\n    - *Als Vorspeise nehme ich Suppe.* - На закуску я візьму суп.\n\n11. **Das Hauptgericht** (дас хауптґеріхт) - основна страва.\n    - *Als Hauptgericht hätte ich gerne das Steak.* - Як основну страву я б хотів стейк.\n\n12. **Das Dessert** (дас десерт) - десерт.\n    - *Haben Sie ein Dessertmenü?* - У вас є меню десертів?\n\n13. **Allergien** (алерґіен) - алергії.\n    - *Ich habe Allergien. Ist in diesem Gericht Nüsse?* - У мене алергія. У цій страві є горіхи?\n\n14. **Zahlen, bitte!** (цален, бітте!) - Розрахунк, будь ласка!\n    - *Zahlen, bitte!* - Розрахунк, будь ласка!\n\n15. **Stilles Wasser** (штіллес вассер) - негазована вода.\n    - *Ein Glas stilles Wasser, bitte.* - Один келих негазованої води, будь ласка.\n\n### Чи знаєте ви?\n\n- В Німеччині зазвичай дають чайові приблизно 5-10% від рахунку. Це вважається добрим тоном і показує ваше задоволення сервісом.\n\n- На відміну від багатьох країн, у Німеччині часто можна спостерігати, що вода в ресторанах платна, навіть якщо це звичайна негазована вода.\n\n### Поради від поліглотів\n\n- Спробуйте вчити фрази, уявляючи себе в ситуації. Це допоможе краще запам\'ятати потрібні вирази.\n\n- Слухайте німецькі пісні або дивіться фільми, які відбуваються в ресторанах або кафе, щоб звикнути до контексту та вимови.\n\n- Використовуйте флешкартки для запам\'ятовування нових слів. Малюйте або записуйте слова разом з малюнками, що асоціюються з ними.\n\nСподіваємося, наші поради допоможуть вам впевнено почувати себе в німецькомовних ресторанах, а навчальний матеріал стане в нагоді під час вашої подорожі. Guten Appetit und eine angenehme Reise!',1,'2026-02-11 16:00:23.971242','2026-02-26 07:29:24.130303',8),(9,'Lesson 1 of English for Travelers','Description for lesson 1',1,'# English for Travelers: Lesson 1\n\n## ? Вступ\nВивчення англійської мови - це не просто граматика та словниковий запас, а також занурення в культуру, звичаї та спосіб життя країн, де цією мовою розмовляють. Цей урок спрямований на тих, хто планує подорожі та хоче вільно спілкуватися англійською мовою в дорозі.\n\n## ? Детальне пояснення теми\nПодорожувати - значить відкривати нові горизонти. Знання англійської мови дозволяє не лише знайти спільну мову з іншими мандрівниками, але й з локальними мешканцями. На цьому уроці ми зосередимось на фразах та виразах, які стануть в нагоді під час подорожей.\n\n### \"Живі\" приклади речень\n1. \"Can you recommend a good place to eat around here?\" - Ви можете порекомендувати добре місце, де можна поїсти поблизу?\n2. \"I\'m a bit lost, can you help me find the museum?\" - Я трохи загубився, чи можете ви допомогти мені знайти музей?\n3. \"Is there a budget hotel nearby?\" - Чи є недорогий готель поблизу?\n4. \"Could you take a picture of us, please?\" - Не могли б ви сфотографувати нас, будь ласка?\n\n## ? Словничок\n1. Recommend [ˌrek.əˈmend] - рекомендувати - \"Can you recommend a good book?\"\n2. Place [pleɪs] - місце - \"This is my favorite place in the city.\"\n3. Eat [iːt] - їсти - \"What do you want to eat tonight?\"\n4. Lost [lɒst] - загублений - \"I got lost on my way here.\"\n5. Help [help] - допомога - \"Can I help you with anything?\"\n6. Find [faɪnd] - знайти - \"Did you find your keys?\"\n7. Museum [mjuˈziːəm] - музей - \"The museum opens at 10 AM.\"\n8. Budget [ˈbʌdʒɪt] - бюджетний - \"We need to find a budget solution.\"\n9. Hotel [həʊˈtɛl] - готель - \"The hotel is fully booked.\"\n10. Nearby [ˈnɪə.baɪ] - поблизу - \"Is there a grocery store nearby?\"\n11. Picture [ˈpɪk.tʃər] - фотографія - \"Let\'s take a picture!\"\n12. Please [pliːz] - будь ласка - \"Please, can you pass the salt?\"\n13. Good [ɡʊd] - добре - \"This food is really good.\"\n14. Bit [bɪt] - трохи - \"I\'m a bit tired.\"\n15. Museum [mjuˈziːəm] - музей - \"The museum is closed on Mondays.\"\n\n## ? Чи знаєте ви?\nАнглійська мова є однією з найбільш розповсюджених у світі, але вона також має безліч діалектів. Наприклад, слово \"subway\" у США означає метро, тоді як у Великобританії це \"underground\" або \"tube\". Такі нюанси важливі при подорожах.\n\n## ? Поради від поліглотів\n1. Використовуйте мобільні додатки для вивчення мови - вони дозволяють практикуватися в будь-який зручний час.\n2. Практикуйте англійську з носіями мови - це допоможе не лише покращити ваш вимову, але й зрозуміти культурні особливості.\n3. Ведіть щоденник своїх подорожей англійською мовою - це чудовий спосіб поліпшити письмові навички та зберегти спогади.\n\nЦей урок є лише початком вашої пригоди з англійською мовою. Пам\'ятайте, що найкращий спосіб навчитися - це практикуватися, практикуватися і ще раз практикуватися. Happy travels!',1,'2026-02-12 08:40:21.679049','2026-02-26 07:30:00.751975',9),(10,'Lesson 2 of English for Travelers','Description for lesson 2',2,'# English for Travelers: Lesson 2\n\n## ? Тема: В аеропорту\n\nПодорожувати – це завжди захопливо, але щоб ваші подорожі були максимально комфортними, важливо вміти орієнтуватися в аеропорту і знати базові фрази англійською мовою.\n\n### ? Детальне пояснення теми\n\nКоли ми подорожуємо, аеропорт стає місцем, де ми проводимо не мало часу. Від знаходження правильного терміналу до спілкування з працівниками аеропорту – знання англійської може значно спростити ваше життя.\n\n#### Важливі фрази:\n\n- **\"Where is the check-in counter for [airline]?\"**  \n  _Де знаходиться стійка реєстрації для [назва авіакомпанії]?_\n- **\"Could you help me with my luggage?\"**  \n  _Чи могли б ви допомогти мені з багажем?_\n- **\"I think my flight is delayed.\"**  \n  _Я думаю, мій рейс затримується._\n\nСучасний сленг, який може зустрічатися у подорожуючих:\n- **\"This layover is killing me!\"**  \n  _Ця пересадка вбиває мене!_\n\n### ? Словничок\n\n1. **Airport** [ˈɛərpɔːrt] - аеропорт  \n   _I arrived at the airport two hours early._  \n   Я прибув в аеропорт за дві години до вильоту.\n2. **Check-in** [ˈtʃɛkˌɪn] - реєстрація  \n   _Online check-in is available 24 hours before the flight._  \n   Онлайн реєстрація доступна за 24 години до вильоту.\n3. **Boarding pass** [ˈbɔːrdɪŋ pæs] - посадковий талон  \n   _Please, have your boarding pass ready._  \n   Будь ласка, приготуйте ваш посадковий талон.\n4. **Gate** [ɡeɪt] - виход на посадку  \n   _The flight to London will depart from gate 21._  \n   Рейс до Лондона відбуде з виходу номер 21.\n5. **Luggage** [ˈlʌɡɪdʒ] - багаж  \n   _Could you put this tag on your luggage, please?_  \n   Не могли б ви, будь ласка, прикріпити цей тег до вашого багажу?\n\n### ? Чи знаєте ви?\n\n- **Англійська мова** є офіційною мовою авіаційної індустрії. Пілоти та диспетчери з усього світу спілкуються між собою англійською незалежно від їх рідної мови.\n- **Gatwick Airport** у Великобританії – це перший аеропорт у світі, який запровадив повноцінне самообслуговування для пасажирів від реєстрації до посадки.\n\n### ? Поради від поліглотів\n\n1. **Практика сприйняття на слух.** Слухайте оголошення в аеропортах у ваших подорожах або шукайте їх онлайн, щоб звикнути до швидкості та акценту.\n2. **Міміка та жести.** Не бійтеся використовувати міміку та жести, якщо ви не можете згадати якесь слово. Це допомагає в спілкуванні.\n3. **Навчайтесь фразам, а не словам.** Запам\'ятовуючи цілі фрази, ви зможете швидше реагувати в реальних ситуаціях.\n\nПодорожуйте з радістю та будьте впевнені у своїх мовних навичках! ?',1,'2026-02-12 08:40:21.686277','2026-02-26 07:33:42.718434',9),(11,'Lesson 3 of English for Travelers','Description for lesson 3',3,'# English for Travelers: Lesson 3\n\n## Тема: В аеропорту\n\nВ цьому уроці ми розглянемо лексику та фрази, які стануть вам у нагоді, коли ви опинитеся в аеропорту, готуючись до своєї наступної подорожі.\n\n### Граматика і лексика по темі\n\nКлючові фрази, які ми вивчатимемо, зосереджені на діалозі в аеропорту – зокрема, при реєстрації на рейс, проходженні безпеки, і запитаннях про інформацію в аеропорту.\n\n#### Приклади речень:\n\n1. **\"Can I have a window seat, please?\"** - _Чи можу я отримати місце біля вікна, будь ласка?_\n2. **\"Is this the right gate for flight UA125 to New York?\"** - _Це правильний виїзд для рейсу UA125 до Нью-Йорка?_\n3. **\"How many bags can I check in?\"** - _Скільки сумок я можу здати?_\n4. **\"I think I lost my boarding pass.\"** - _Я думаю, що я загубив свій посадковий талон._\n5. **\"Where is the departure lounge?\"** - _Де знаходиться зал відправлення?_\n\n### Словничок ключових слів\n\n1. **Airport** [ˈɛərpɔːrt] - аеропорт\n2. **Flight** [flaɪt] - рейс\n3. **Boarding pass** [ˈbɔːrdɪŋ pæs] - посадковий талон\n4. **Gate** [ɡeɪt] - виїзд\n5. **Luggage** [ˈlʌɡɪdʒ] - багаж\n6. **Check-in** [ˈtʃek ɪn] - реєстрація на рейс\n7. **Security check** [sɪˈkjʊərɪti tʃek] - перевірка безпеки\n8. **Departure lounge** [dɪˈpɑːrtʃə laʊndʒ] - зал відправлення\n9. **Window seat** [ˈwɪndəʊ siːt] - місце біля вікна\n10. **Lost and found** [lɒst ænd faʊnd] - знахідки\n\n### Поради щодо вживання\n\n- **Завжди перевіряйте інформацію на своєму посадковому талоні**, включаючи номер виходу та час посадки.\n- **Пам’ятайте про обмеження на рідини в ручній поклажі**. В багатьох аеропортах дозволяється провозити тільки невелику кількість рідини в прозорих закритих пакетах.\n- **Будьте ввічливі та терплячі** з персоналом аеропорту та іншими пасажирами. Пам\'ятайте, безпека – на першому місці.\n- **При реєстрації на рейс можна попросити місце, яке вам більше до вподоби** (наприклад, біля вікна або біля проходу), але пам’ятайте, що не завжди можливо задовольнити всі побажання через обмежену кількість місць.\n\nЦей урок дає вам базу для спілкування в аеропорту, але пам’ятайте, що практика – це ключ до впевненості у використанні іноземної мови. Не бійтеся запитувати, якщо ви чогось не розумієте або потребуєте допомоги. Щасливої подорожі!',1,'2026-02-12 08:40:21.692424','2026-02-25 16:23:36.852719',9),(12,'Lesson 1 of Business German Basics','Description for lesson 1',1,'# Business German Basics: Lesson 1\n\nВітаємо на першому уроці з основ ділової німецької мови! Сьогодні ми зануримося в світ ділових комунікацій, де кожне слово важливе, а кожна фраза може бути ключем до успіху.\n\n## ? Детальне пояснення теми\n\nДілова німецька не лише про формальні листи та звіти. Це також мова переговорів, презентацій, і, звісно, неформальних обговорень проектів за кавою. Важливо не просто знати слова, але й вміти відчувати контекст, у якому вони використовуються, знати культурні нюанси та уникати можливих непорозумінь.\n\n### \"Живі\" приклади речень:\n\n1. **\"Lass uns das Geschäftlich bei einem Kaffee besprechen.\"** - Давай обговоримо ділове за кавою.\n   \n   Ця фраза демонструє неформальний підхід до ділових обговорень, що є типовим для німецького бізнес-середовища.\n\n2. **\"Das steht noch nicht fest, aber wir sind auf einem guten Weg.\"** - Це ще не вирішено, але ми на правильному шляху.\n   \n   Вислів використовується для вираження оптимізму без надмірних обіцянок.\n\n## ? Словничок\n\n1. **der Geschäftspartner** [dɛɐ̯ ɡəˈʃɛft͡spaʁtnɐ] - діловий партнер\n   - **Beispiel:** \"Ich treffe mich mit einem potenziellen Geschäftspartner.\" - Я зустрічаюся з потенційним діловим партнером.\n\n2. **die Verhandlung** [fɛɐ̯ˈhandlʊŋ] - переговори\n   - **Beispiel:** \"Die Verhandlungen waren lang, aber erfolgreich.\" - Переговори були довгими, але успішними.\n\n3. **der Vertrag** [fɛɐ̯ˈtʁaːk] - контракт\n   - **Beispiel:** \"Wir müssen die Bedingungen des Vertrags noch finalisieren.\" - Ми мусимо ще остаточно узгодити умови контракту.\n\n...\n\n20. **die Zielsetzung** [tsiːlˈzɛtsʊŋ] - встановлення цілей\n    - **Beispiel:** \"Die Zielsetzung für dieses Quartal ist ambitioniert.\" - Встановлення цілей на цей квартал є амбітним.\n\n## ? Чи знаєте ви?\n\n- **Німецька мова є однією з трьох робочих мов Європейського Союзу.** Це робить її важливою не лише в культурному контексті, але й для ділового спілкування в рамках ЄС.\n\n- **В Німеччині велика увага приділяється пунктуальності.** Бути запізненим на зустріч може бути розцінено як нехтування або неповага.\n\n## ? Поради від поліглотів\n\n- **Практикуйте ділову німецьку в реальних ситуаціях.** Якщо у вас є можливість, спілкуйтеся з носіями мови в діловому контексті. Це допоможе не лише покращити вашу мову, але й зрозуміти культурні нюанси.\n\n- **Читайте ділові новини та статті німецькою мовою.** Це дозволить вам не лише залишатися в курсі актуальних подій, але й звикнути до ділової лексики.\n\n- **Використовуйте технології для навчання.** Додатки для вивчення мов, онлайн курси, платформи для обміну мовами - усе це може стати в пригоді для покращення вашої ділової німецької.\n\nСподіваємося, цей урок стане корисним для вашого подальшого вивчення ділової німецької. Вперед до нових знань та успіхів!',1,'2026-02-12 08:40:21.712549','2026-02-26 07:30:38.241347',10),(13,'Lesson 2 of Business German Basics','Description for lesson 2',2,'# Business German Basics: Lesson 2\n\n## ? Детальне пояснення теми\n\nВивчення ділової німецької мови вимагає розуміння не тільки базових правил, але й нюансів, які відображають реальні ділові ситуації. Для успішного спілкування в бізнес-середовищі важливо не тільки правильно вибудовувати речення, а й використовувати специфічну термінологію, яка допомагає точно передати думку.\n\n### ? \"Живі\" приклади речень\n\n- **\"Lass uns einen Termin für das Meeting festlegen.\"** — Давай визначимо дату для зустрічі.\n   - Сучасний сленг: **\"Lass uns einen Slot für die Telko finden.\"** (Telko — скорочення від Telefonkonferenz) — Давай знайдемо час для телефонної конференції.\n   \n- **\"Können Sie mir das Angebot bis zum Ende der Woche zusenden?\"** — Ви можете надіслати мені пропозицію до кінця тижня?\n   - Ідіома: **\"Das bringt mich in eine Zwickmühle.\"** — Це ставить мене у скрутне становище.\n   \n- **\"Unser Ziel ist es, die Verkaufszahlen zu steigern.\"** — Наша мета — збільшити обсяги продажу.\n   - Ділова ситуація: **\"Wir müssen unsere Strategie überdenken, um den Marktanteil zu erhöhen.\"** — Нам потрібно переглянути нашу стратегію, щоб збільшити частку на ринку.\n\n## ? Словничок\n\n1. **Termin (der)** [ˈtɛʁmiːn] — дата, термін.\n   - *Wir müssen einen Termin für unser nächstes Treffen festlegen.* — Ми повинні визначити дату для нашої наступної зустрічі.\n2. **Meeting (das)** [ˈmiːtɪŋ] — зустріч, мітинг.\n   - *Das Meeting wurde auf nächste Woche verschoben.* — Зустріч була перенесена на наступний тиждень.\n3. **Angebot (das)** [ˈanɡəboːt] — пропозиція.\n   - *Ich habe das Angebot sorgfältig geprüft.* — Я ретельно перевірив пропозицію.\n4. **Verkaufszahlen (die, Pl.)** [fɛɐ̯ˈkaʊ̯fsˌt͡saːlən] — обсяги продажу.\n   - *Die Verkaufszahlen sind diesen Monat gestiegen.* — Обсяги продажу цього місяця зросли.\n5. **Strategie (die)** [ʃtʁaˈteːɡiː] — стратегія.\n   - *Unsere Strategie muss effektiver werden.* — Наша стратегія повинна стати ефективнішою.\n6. **Marktanteil (der)** [ˈmaʁktˌʔanˌtaɪ̯l] — частка на ринку.\n   - *Wir zielen darauf ab, unseren Marktanteil zu erhöhen.* — Ми прагнемо збільшити нашу частку на ринку.\n\n## ❓ Чи знаєте ви?\n\n- **Німецька мова має три статі:** чоловічий, жіночий та середній, і це впливає не тільки на відмінювання іменників, але й на вживання статей і прикметників. Важливо звертати увагу на стать, вивчаючи нові слова.\n\n- **Німеччина є однією з країн з найвищим рівнем виробництва пива у світі,** і пивна культура там дуже розвинена. Цікаво, що сорти пива можуть відрізнятися в залежності від регіону.\n\n## ? Поради від поліглотів\n\n- **Практика в контексті:** Намагайтеся використовувати нові слова та фрази в контексті реальних ділових ситуацій. Це допоможе вам краще запам\'ятати матеріал і зрозуміти його застосування.\n\n- **Використовуйте техніку візуалізації:** Створюйте ментальні образи або асоціації з новими словами та виразами, щоб полегшити запам\'ятовування.\n\n- **Залучайтеся до культурних аспектів:** Вивчення культури країни, де розмовляють мовою, яку ви вивчаєте, може значно підвищити вашу мотивацію та інтерес до мови. \n\nЦей урок ділової німецької мови був спрямований на глибше розуміння не тільки мовних структур, але й культурних аспектів та реалій ділового спілкування. Надіємося, він надихне вас на подальше вивчення та вдосконалення ваших мовних навичок.',1,'2026-02-12 08:40:21.717125','2026-02-26 07:34:28.317631',10),(14,'Lesson 3 of Business German Basics','Description for lesson 3',3,'# Навчальний матеріал: Business German Basics - Урок 3\n\n## Тема: Корисні фрази для ділової німецької мови\n\n### 1. Граматика та лексика\n\nУ діловому спілкуванні на німецькій мові важливо вміти правильно висловлювати свої думки, а також задавати питання. Розглянемо ключові фрази та конструкції, які вам допоможуть у цьому.\n\n#### Вираження власної думки:\n- **Ich denke, dass...** (Я думаю, що...)\n- **Meiner Meinung nach...** (На мою думку...)\n\n#### Запитання за допомогою:\n- **Könnten Sie das bitte wiederholen?** (Чи могли б ви це повторити, будь ласка?)\n- **Wie meinen Sie das?** (Як ви це маєте на увазі?)\n\n### 2. Приклади речень\n\n1. **Könnten Sie mir bitte die letzten Quartalszahlen senden?**  \n   (Чи могли б ви мені, будь ласка, надіслати дані за останній квартал?)\n   \n2. **Ich denke, dass wir unsere Strategie überdenken sollten.**  \n   (Я думаю, що нам варто переглянути нашу стратегію.)\n   \n3. **Meiner Meinung nach ist dieses Projekt sehr profitabel.**  \n   (На мою думку, цей проект дуже прибутковий.)\n   \n4. **Wie stehen Sie zu einer Erhöhung des Budgets?**  \n   (Яке ваше ставлення до збільшення бюджету?)\n   \n5. **Könnten Sie das bitte erläutern?**  \n   (Чи могли б ви це, будь ласка, пояснити?)\n\n### 3. Словничок ключових слів\n\n- **die Quartalszahlen** [diː kvartalsˌtsaːlən] - квартальні дані\n- **die Strategie** [diː strateˈɡiː] - стратегія\n- **profitabel** [profitˈaːbəl] - прибутковий\n- **das Budget** [das ˈbʏdʒet] - бюджет\n- **erläutern** [ɛɐ̯ˈlɔʏtɐn] - пояснювати\n- **die Meinung** [diː ˈmaɪ̯nʊŋ] - думка\n- **überdenken** [ˈyːbɐˌdɛŋkən] - переглядати, переосмислювати\n- **senden** [ˈzɛndən] - надсилати\n- **das Projekt** [das proˈjɛkt] - проект\n- **die Erhöhung** [diː ɛɐ̯ˈhøːʊŋ] - збільшення\n- **wiederholen** [ˈviːdɐˌhoːlən] - повторювати\n\n### 4. Поради щодо вживання\n\n- **Культурний контекст:** У німецькій діловій культурі цінується прямота та точність висловлювань. Важливо бути чітким у своїх формулюваннях та не використовувати надмірної емоційності.\n- **Типові помилки:** Намагайтеся уникати занадто комплексних речень, особливо якщо ви не впевнені в їх правильності. Спробуйте використовувати прості та зрозумілі конструкції, щоб чітко донести свою думку.\n\n**Важливо пам\'ятати**, що успіх у діловому спілкуванні на німецькій мові не лише залежить від знання мови, а й від розуміння культурних нюансів та здатності адаптувати своє спілкування відповідно до ситуації.',1,'2026-02-12 08:40:21.721883','2026-02-25 16:21:19.860780',10),(15,'Lesson 1 of French Gastronomy 101','Description for lesson 1',1,'# French Gastronomy 101: Lesson 1\n\n## ? Вступ до французької гастрономії\n\nФранцузька кухня - це не просто їжа, це ціла культура, історія, і мистецтво, що передається з покоління в покоління. Сьогодні ми зануримося у світ французької гастрономії, де кожен рецепт розповідає історію, а кожен інгредієнт має своє значення.\n\n### ? Детальне пояснення теми\n\nФранцузька кухня славиться своїми сирами, винами та хлібом. Але не лише це робить її унікальною. Увага до деталей, баланс смаків і текстур, а також спосіб подачі їжі - все це відіграє важливу роль. \n\n**Живі приклади речень:**\n\n- \"Je préfère manger du fromage avec du vin rouge.\" (Я віддаю перевагу їсти сир з червоним вином.)\n- \"Ce boulanger fait le meilleur pain de la ville.\" (Цей булочник робить найкращий хліб у місті.)\n\n### ? Словничок\n\n1. Gastronomie [ɡastʁɔnɔmi] - Гастрономія: \"La gastronomie française est connue dans le monde entier.\" (Французька гастрономія відома у всьому світі.)\n2. Fromage [fʁɔmaʒ] - Сир: \"En France, il y a plus de 400 types de fromage.\" (У Франції існує понад 400 видів сиру.)\n3. Vin [vɛ̃] - Вино: \"Le vin est une partie importante de la culture française.\" (Вино є важливою частиною французької культури.)\n4. Boulanger [bulɑ̃ʒe] - Булочник: \"Le boulanger prépare le pain tôt le matin.\" (Булочник готує хліб рано вранці.)\n5. Pain [pɛ̃] - Хліб: \"Le pain est essentiel à chaque repas français.\" (Хліб є невід\'ємною частиною кожного французького обіду.)\n\n### ? Чи знаєте ви?\n\n- Французький закон вимагає, щоб багет виготовлявся без додавання консервантів і продається на місці виготовлення.\n- Слово \"гурман\" має французьке коріння і використовується для опису людини з тонким смаком, особливо у їжі та вині.\n\n### ? Поради від поліглотів\n\n1. Щоб краще запам\'ятати нові слова, спробуйте приготувати французьку страву, використовуючи рецепт французькою мовою.\n2. Слухайте французькі кулінарні подкасти або дивіться шоу про їжу, щоб зануритись у мову та культуру.\n3. Відвідайте французький ресторан або кафе, щоб спробувати автентичні страви та практикувати мову, замовляючи їжу.\n\nЦей перший урок лише відкриває двері у захопливий світ французької гастрономії. Продовжуйте вивчення, і ви відкриєте для себе ще багато цікавого та смачного! Bon appétit! (Смачного!)',1,'2026-02-12 08:40:21.738392','2026-02-26 07:31:09.889724',11),(16,'Lesson 2 of French Gastronomy 101','Description for lesson 2',2,'# Французька Гастрономія 101: Урок 2\n\n## Лексика по темі \"Види страв та інгредієнти\"\n\n### Вступ\n\nУ цьому уроці ми поглибимо свої знання про французьку кухню, зосередившись на видах страв та інгредієнтах, які часто використовуються у французькій гастрономії. Ми дізнаємося нову лексику, деякі корисні фрази, а також познайомимося з культурним контекстом вживання цих страв.\n\n### Ключова лексика\n\n1. **Entrée** [ɑ̃.tʁe] - Передача\n2. **Plat principal** [pla pʁɛ̃.siˈpal] - Основна страва\n3. **Dessert** [dɛ.sɛʁ] - Десерт\n4. **Fromage** [fʁɔ.maʒ] - Сир\n5. **Baguette** [baˈɡɛt] - Багет\n6. **Vin** [vɛ̃] - Вино\n7. **Coq au vin** [kɔk o vɛ̃] - Півень у вині\n8. **Bouillabaisse** [bu.jaˈbɛs] - Буйабес (рибний суп)\n9. **Ratatouille** [ʁa.taˈtuj] - Рататуй\n10. **Crêpe** [kʁɛp] - Креп (тонкий млинець)\n11. **Soupe à l\'oignon** [sup a l‿ɔ.ɲɔ̃] - Цибулевий суп\n12. **Croissant** [kʁwa.sɑ̃] - Круасан\n13. **Éclair** [eˈklɛʁ] - Еклер\n14. **Quiche** [kiʃ] - Кіш\n15. **Salade** [saˈlad] - Салат\n\n### Приклади речень\n\n1. **Je voudrais une baguette et un fromage, s\'il vous plaît.**  \n   [ʒə vu.dʁɛ yn baˈɡɛt e œ̃ fʁɔ.maʒ, sil vu plɛ.]  \n   Я хотів би багет та сир, будь ласка.\n\n2. **Le plat principal aujourd\'hui est le coq au vin.**  \n   [lə pla pʁɛ̃.siˈpal o.ʒuʁ.dɥi ɛ lə kɔk o vɛ̃.]  \n   Основною стравою сьогодні є півень у вині.\n\n3. **Pour le dessert, nous avons un éclair au chocolat.**  \n   [puʁ lə dɛ.sɛʁ, nu z‿a.vɔ̃ œ̃ eˈklɛʁ o ʃɔ.kɔ.la.]  \n   На десерт у нас є шоколадний еклер.\n\n4. **La bouillabaisse est une soupe traditionnelle de Marseille.**  \n   [la bu.jaˈbɛs ɛ yn sup tʁa.di.sjɔˈnɛl də maʁ.sɛj.]  \n   Буйабес - це традиційний марсельський суп.\n\n5. **Je prends toujours un croissant avec mon café le matin.**  \n   [ʒə pʁɑ̃ tu.ʒuʁ œ̃ kʁwa.sɑ̃ a.vɛk mɔ̃ ka.fe lə ma.tɛ̃.]  \n   Я завжди беру круасан зі своєю кавою вранці.\n\n### Поради щодо вживання\n\n- **Entrée** у французькій кухні означає не те ж саме, що \"entrée\" у американській англійській (де це основна страва). Воно використовується для позначення передачі.\n- **Coq au vin** та **Bouillabaisse** є класичними стравами, які мають глибокі історичні корені та регіональні варіації, тому коли ви говорите про ці страви, завжди згадуйте про їхню унікальність та варіації.\n- **Baguette** і **Croissant** є символами французької кухні, але також вони є частиною повсякденного життя у Франції. Вживання цих продуктів зазвичай пов\'язане з певним часом дня: багети часто купують вранці чи у вечірній час, а круасани - зазвичай на сніданок.\n- При замовленні **Vin** у Франції, будьте готові вказати, який саме тип вина ви бажаєте (червоне, біле, рожеве) та з якого регіону. Французи дуже горді за своє виноробство та регіональні особливості вин.',1,'2026-02-12 08:40:21.744584','2026-02-25 16:18:19.815264',11),(17,'Lesson 3 of French Gastronomy 101','Description for lesson 3',3,'# Французька гастрономія 101: Урок 3\n\n## Вступ\nУ цьому уроці ми зосередимося на французькій гастрономії, зокрема на ознайомленні з основними стравами та продуктами, які є невід\'ємною частиною французької кухні. Ми дізнаємося ключову лексику, яка допоможе нам говорити про їжу, а також розглянемо деякі граматичні особливості, пов\'язані з їжею.\n\n## Ключова лексика і граматика\n\n### Словничок\n\n1. **Le fromage** [lə frɔ.maʒ] - Сир\n2. **Le vin** [lə vɛ̃] - Вино\n3. **La baguette** [la ba.ɡɛt] - Багет\n4. **Les escargots** [le.z‿ɛs.kaʁ.ɡo] - Равлики\n5. **La soupe à l\'oignon** [la sup a l‿ɔ.ɲɔ̃] - Цибулевий суп\n6. **Le croissant** [lə kʁwa.sɑ̃] - Круасан\n7. **Le coq au vin** [lə kɔk o vɛ̃] - Курка у вині\n8. **Les crêpes** [le kʁɛp] - Млинці\n9. **Le ratatouille** [lə ʁa.ta.tuj] - Рататуй\n10. **Le steak frites** [lə stɛk fʁit] - Стейк з картоплею фрі\n\n### Приклади речень\n\n1. **J\'adore le fromage français.** - Я обожнюю французький сир.\n2. **Nous avons commandé une bouteille de vin rouge.** - Ми замовили пляшку червоного вина.\n3. **La baguette est l\'élément essentiel du petit déjeuner français.** - Багет є невід\'ємною частиною французького сніданку.\n4. **Les escargots sont un plat traditionnel en France.** - Равлики є традиційною стравою у Франції.\n5. **Le croissant est célèbre dans le monde entier.** - Круасан відомий у всьому світі.\n\n### Граматична особливість: Статті перед їжею\n\nВажливо звернути увагу на використання статей у французькій мові, особливо коли мова йде про їжу. У французькій, як і в українській, важливо правильно використовувати визначений (\"le\", \"la\", \"les\") та невизначений (\"un\", \"une\", \"des\") артиклі.\n\n- **Le fromage** (визначений артикль) використовується, коли говоримо про сир взагалі або коли мова йде про конкретний сир, знайомий співрозмовнику.\n- **Un fromage** (невизначений артикль) вживається, коли мова йде про якийсь сир, але не конкретизується, який саме.\n\n## Поради щодо вживання\n\nКоли ви говорите про французькі страви у Франції, важливо пам\'ятати про гордість французів за їхню кухню. Покажіть своє захоплення та інтерес до традиційних страв, вживаючи фрази ввічливої похвали, наприклад, **\"C\'est délicieux!\"** (Це чудово!) або **\"J\'adore la cuisine française!\"** (Я обожнюю французьку кухню!).\n\nТакож, звертайте увагу на вимову ключової лексики, адже правильна вимова є важливою частиною французької культури. Намагайтеся імітувати вимову носіїв мови, слухаючи аудіо записи або спілкуючись з французами.\n\nЯкщо ви замовляєте їжу у французькому ресторані, не бійтеся використовувати французькі назви страв. Це покаже вашу зацікавленість і повагу до французької культури та кухні.\n\n## Заключення\n\nВивчення лексики, пов\'язаної з французькою гастрономією, не лише розширить ваш словниковий запас, але й допоможе краще зрозуміти французьку культуру. Пам\'ятайте про важливість статей і намагайтеся застосовувати нові слова в розмові, щоб покращити свої мовні навички. Bon appétit!',1,'2026-02-12 08:40:21.749947','2026-02-25 16:19:06.223507',11),(18,'Lesson 1 of Spanish Connection','Description for lesson 1',1,'# Spanish Connection: Lesson 1 of Spanish Connection ?\n\n## Вступ\n\nВітаємо на першому уроці іспанської мови! Іспанська - це не лише мова Фламенко, Паельї та Дон Кіхота, але й мова з багатим культурним розмаїттям та історією. Сьогодні ми зосередимося на основах, але також доторкнемося до нюансів іспанської мови, що робить її особливою. Приготуйтесь зануритися у світ іспанської мови!\n\n## Основна тема: Привітання та прощання\n\nПривітання та прощання - це фундаментальна частина будь-якої мови. В іспанській існує безліч способів сказати \"Привіт\" та \"До побачення\", залежно від ситуації, часу доби та ступеня формальності.\n\n### Живі приклади речень\n\n1. **Buenos días** (Буенос діас) - Доброго ранку. (_формально_)\n   - _Buenos días, ¿cómo está usted?_ - Доброго ранку, як Ви себе почуваєте?\n\n2. **¿Qué tal?** (Ке таль) - Як справи? (_неформально_)\n   - _Hola, ¿qué tal?_ - Привіт, як справи?\n\n3. **Nos vemos** (Нос вемос) - Побачимося. (_неформально_)\n   - _Nos vemos mañana._ - Побачимося завтра.\n\n4. **Hasta luego** (Аста луего) - До зустрічі. (_универсально_)\n   - _Hasta luego, ha sido un placer._ - До зустрічі, було приємно.\n\n### Словничок\n\n1. **Amigo** [aˈmiɣo] - друг.\n   - _Mi amigo Carlos vive en España._ - Мій друг Карлос живе в Іспанії.\n\n2. **Gracias** [ˈɡɾasjas] - дякую.\n   - _Gracias por tu ayuda._ - Дякую за твою допомогу.\n\n3. **Por favor** [por faˈβoɾ] - будь ласка.\n   - _¿Me pasas el agua, por favor?_ - Передай мені воду, будь ласка.\n\n4. **Disculpe** [disˈkulpe] - вибачте. (_формально_)\n   - _Disculpe, ¿sabe dónde está el baño?_ - Вибачте, не знаєте, де тут туалет?\n\n5. **Perdón** [perˈðon] - пробачте. (_неформально_)\n   - _Perdón, no quise hacerlo._ - Пробач, я не хотів це робити.\n\n6. **Mañana** [maˈɲana] - завтра / ранок.\n   - _Nos vemos mañana._ - Побачимося завтра.\n\n7. **Noche** [ˈnotʃe] - ніч.\n   - _Buenas noches, hasta mañana._ - Добраніч, до завтра.\n\n### Чи знаєте ви?\n\n- Іспанська мова є другою за популярністю мовою у світі за кількістю носіїв мови як рідної.\n- В Іспанії існує кілька діалектів іспанської мови, включаючи каталанську, галісійську та баскську.\n\n### Поради від поліглотів\n\n1. **Слухайте і повторюйте** - Слухайте іспанськомовні пісні або подкасти і повторюйте за ними вголос, щоб покращити вимову.\n\n2. **Маленькі історії** - Створюйте маленькі історії з новими словами та фразами, щоб легше їх запам\'ятати.\n\n3. **Мовний обмін** - Знайдіть партнера для мовного обміну. Це допоможе практикувати іспанську в реальних розмовах.\n\n---\n\nЦей урок був лише початком вашої пригоди з іспанською мовою. Пам\'ятайте, що регулярна практика та занурення у мовне середовище - ключ до успіху. Не бійтеся робити помилки, адже саме через них ви навчитеся найбільше. ¡Buena suerte! (Удачі!)',1,'2026-02-12 08:40:21.767607','2026-02-26 07:32:13.125753',12),(19,'Lesson 2 of Spanish Connection','Description for lesson 2',2,'# Spanish Connection: Урок 2\n\n## Вступ\nДобро пожаловать на другий урок курсу \"Spanish Connection\"! Сьогодні ми зосередимось на базовій лексиці та граматиці, яка допоможе вам у подальшому вивченні іспанської мови. \n\n## Граматика та Лексика\n\n### Вживання артиклів в іспанській мові\nІспанська мова має визначені (**el**, **la**) та невизначені (**un**, **una**) артиклі, які змінюються за родами та числами.\n\n- **El** та **la** використовуються для позначення конкретних іменників (the в англійській).\n- **Un** та **una** використовуються для позначення неконкретних іменників (a/an в англійській).\n\n### Приклади речень:\n1. **El chico** lee un libro. - Хлопець читає книгу.\n2. **La chica** es una estudiante. - Дівчина є студенткою.\n3. **Un perro** corre en el parque. - Собака бігає в парку.\n4. **Una casa** grande. - Великий будинок.\n5. **El agua** está fría. - Вода холодна.\n\n### Словничок ключових слів\n\n1. Chico /\'tʃiko/ - хлопець\n2. Chica /\'tʃika/ - дівчина\n3. Libro /\'libro/ - книга\n4. Estudiante /estu\'djante/ - студент(ка)\n5. Perro /\'pero/ - собака\n6. Correr /ko\'rer/ - бігати\n7. Parque /\'parke/ - парк\n8. Casa /\'kasa/ - будинок\n9. Grande /\'grande/ - великий\n10. Agua /\'aɣwa/ - вода\n11. Frío /\'frio/ - холодний\n12. Leer /le\'er/ - читати\n13. Estar /es\'tar/ - бути (в тимчасовому стані)\n14. En /en/ - в, на\n15. El /el/, La /la/, Un /un/, Una /\'una/ - артиклі \n\n### Поради щодо вживання\n\n- **Зверніть увагу на рід іменників.** В іспанській мові кожен іменник має рід, який впливає на форму артиклів та прикметників. Наприклад, **el chico** (маскулин), **la chica** (фемінін).\n- **Не забувайте про винятки**, наприклад, слово **agua** (вода) є фемінітивним, але з визначеним артиклем маскулину **el** перед ним для кращої вимови.\n- **Практикуйте вживання артиклів** у реченнях для засвоєння матеріалу. Написання простих речень на кшталт зазначених вище допоможе вам краще запам\'ятати правила.\n\n### Висновок\nВивчення артиклів та основної лексики є фундаментальним кроком у вивченні іспанської мови. Регулярна практика та звернення уваги на контекст речень допоможуть вам швидше досягти впевненості у використанні нової мови. Успіхів у навчанні!',1,'2026-02-12 08:40:21.771945','2026-02-25 16:15:32.263658',12),(20,'Lesson 3 of Spanish Connection','Description for lesson 3',3,'# Spanish Connection: Lesson 3\n\n## Вступ\n\nУ третьому уроці нашої серії \"Spanish Connection\" ми зосередимось на основах граматики та лексиці, які є критично важливими для новачків. Давайте дізнаємось більше про вживання дієслів у теперішньому часі та побудуємо базовий словниковий запас, що допоможе нам створювати прості, але повноцінні речення.\n\n## Дієслова у теперішньому часі\n\nТеперішній час у іспанській мові використовується для вираження дій, які відбуваються зараз, звичних дій або загальновідомих фактів. Формування теперішнього часу залежить від закінчення інфінітивної форми дієслова: -ar, -er, -ir.\n\n### Приклади речень\n1. **Yo hablo español.** - Я говорю іспанською.\n2. **Tú comes una manzana.** - Ти їси яблуко.\n3. **Él vive en Madrid.** - Він живе в Мадриді.\n4. **Nosotros escuchamos música.** - Ми слухаємо музику.\n5. **Ellas estudian en la universidad.** - Вони вчаться в університеті.\n\n## Словничок ключових слів\n\n1. **hablar** [a\'βlaɾ] - говорити\n2. **comer** [\'komeɾ] - їсти\n3. **vivir** [bi\'βiɾ] - жити\n4. **escuchar** [esku\'tʃaɾ] - слухати\n5. **estudiar** [estu\'ðjaɾ] - вчитися\n6. **manzana** [man\'θana] - яблуко\n7. **música** [\'musika] - музика\n8. **universidad** [unibeɾsi\'dad] - університет\n9. **libro** [\'liβɾo] - книга\n10. **amigo** [a\'miɣo] - друг\n11. **familia** [fa\'milja] - сім\'я\n12. **casa** [\'kasa] - будинок\n13. **perro** [\'pero] - собака\n14. **gato** [\'ɡato] - кіт\n15. **ciudad** [θju\'ðað] - місто\n\n## Поради щодо вживання\n\n- **Культурний контекст**: У іспанськомовних культурах зазвичай використовуються формальні та неформальні форми звернення (tú для неформального та usted для формального звернення). Завжди враховуйте вік, статус та ступінь близькості зі співрозмовником при виборі форми звернення.\n\n- **Типові помилки**: Новачки часто плутають закінчення дієслів -ar, -er, -ir у теперішньому часі, особливо в формах nosotros та vosotros. Тренуйтеся формувати дієслова з різними закінченнями та практикуйте часто вживані дієслова для кращого запам\'ятовування.\n\n- **Практика**: Створення коротких речень із використанням нових слів та граматичних структур значно покращить ваше розуміння мови. Спробуйте скласти речення, які описують ваш день, використовуючи нові слова та вирази.\n\nЦей урок допоміг вам зробити ще один крок до вивчення іспанської мови, розширивши ваш словниковий запас та поглибивши розуміння граматики. Практикуйтеся щодня, і ви швидко побачите прогрес у своєму навчанні. Удачі!',1,'2026-02-12 08:40:21.777501','2026-02-25 16:16:29.119538',12),(33,'Daily Standups & Agile Talk','',1,'Learn how to describe your tasks, blockers, and progress effectively in daily meetings using Agile terminology like \"sprint\", \"backlog\", and \"deployment\".',1,'2026-02-27 08:10:15.989598','2026-02-27 08:10:15.989598',17),(34,'Im Supermarkt','',1,'Вивчіть назви продуктів та фрази на касі: \"Wo finde ich...\", \"Darf ich bar bezahlen?\", \"Kassenbon bitte\".',1,'2026-02-27 08:10:15.999817','2026-02-27 08:10:15.999817',18),(35,'Pedir en un restaurante','',1,'Frases útiles: \"La cuenta, por favor\", \"Una mesa para dos\", \"Soy vegetariano\".',1,'2026-02-27 08:10:16.008443','2026-02-27 08:10:16.008443',19),(36,'Présentation d\'un projet','',1,'Apprenez à structurer une présentation, à argumenter et à répondre aux objections en français formel.',1,'2026-02-27 08:10:16.017947','2026-02-27 08:10:16.017947',20),(37,'Chapter 1: The Basics','Introduction to the topic concepts and vocabulary.',1,'<p>Welcome to the first lesson! Today we will learn essential words for this track.</p>',1,'2026-03-26 11:36:16.727873','2026-03-26 11:36:16.727873',21),(38,'Chapter 1: The Basics','Introduction to the topic concepts and vocabulary.',1,'<p>Welcome to the first lesson! Today we will learn essential words for this track.</p>',1,'2026-03-26 11:36:16.732927','2026-03-26 11:36:16.732927',22),(39,'Chapter 1: The Basics','Introduction to the topic concepts and vocabulary.',1,'<p>Welcome to the first lesson! Today we will learn essential words for this track.</p>',1,'2026-03-26 11:36:16.738108','2026-03-26 11:36:16.738108',23),(40,'Chapter 1: The Basics','Introduction to the topic concepts and vocabulary.',1,'<p>Welcome to the first lesson! Today we will learn essential words for this track.</p>',1,'2026-03-26 11:36:16.744509','2026-03-26 11:36:16.744509',24),(41,'Chapter 1: The Basics','Introduction to the topic concepts and vocabulary.',1,'<p>Welcome to the first lesson! Today we will learn essential words for this track.</p>',1,'2026-03-26 11:36:16.749661','2026-03-26 11:36:16.749661',25),(42,'Chapter 1: The Basics','Introduction to the topic concepts and vocabulary.',1,'<p>Welcome to the first lesson! Today we will learn essential words for this track.</p>',1,'2026-03-26 11:36:16.755661','2026-03-26 11:36:16.755661',26),(43,'Lesson 1: The Elevator Pitch','Learn how to pitch your startup in 60 seconds.',1,'\n                <h3>? Welcome to the Boardroom!</h3>\n                <p>An elevator pitch is a brief, persuasive speech that you use to spark interest in what your organization does. You only have 60 seconds!</p>\n                <ul>\n                    <li><strong>Value Proposition</strong> - The unique value your product gives to customers. ?</li>\n                    <li><strong>Target Audience</strong> - The specific group of people your product is for. ?</li>\n                    <li><strong>Revenue Model</strong> - How exactly and where you make money. ?</li>\n                    <li><strong>Traction</strong> - Evidence that your startup is growing (users, sales). ?</li>\n                </ul>\n                <div style=\"background:#f1f5f9; padding: 15px; border-left: 4px solid #6366f1; border-radius: 8px;\">\n                    <strong>? Pro Tip:</strong> Always end your pitch with a CTA (Call To Action), like \"Can I have your business card to follow up?\"\n                </div>\n                ',1,'2026-03-26 11:37:56.283604','2026-03-26 11:42:51.867792',21),(44,'Lesson 1: Saludos y Despedidas','How to say hi and bye like a local in Spain and Latin America.',1,'\n                <h3>? Hola Amigos! Let\'s talk real Spanish.</h3>\n                <p>Textbook Spanish is great, but street Spanish is how you actually make friends! Instead of <i>¿Cómo estás?</i>, try these:</p>\n                <ul>\n                    <li>?? <strong>¿Qué pasa?</strong> (Spain) - What\'s up?</li>\n                    <li>?? <strong>¿Qué onda?</strong> (Mexico) - What\'s the vibe? (Very common!)</li>\n                    <li>?? <strong>¿Qué más?</strong> (Colombia) - What else? (Usually answered with \'todo bien\'). </li>\n                </ul>\n                <div style=\"background:#f1f5f9; padding: 15px; border-left: 4px solid #10b981; border-radius: 8px;\">\n                    <strong>? Pro Tip:</strong> When leaving, you can just say <strong>\"¡Nos vemos!\"</strong> (See ya!).\n                </div>\n                ',1,'2026-03-26 11:37:56.294231','2026-03-26 11:42:51.872498',22),(45,'Lesson 1: Au Café','Ordering coffee and croissants like a true Parisian.',1,'\n                <h3>? Bienvenue en France!</h3>\n                <p>Eating in France is an art. Let\'s learn how to order politely so the waiters will love you.</p>\n                <ol>\n                    <li>Always say <strong>Bonjour</strong> the moment you walk into the café or see the waiter. It is considered rude if you don\'t!</li>\n                    <li><strong>Je voudrais...</strong> - I would like... (Never say \"je veux\" which means \"I want\" and sounds aggressive).</li>\n                    <li><strong>L\'addition, s\'il vous plaît.</strong> - The check, please. ?</li>\n                </ol>\n                ',1,'2026-03-26 11:37:56.303466','2026-03-26 11:42:51.878741',23),(46,'Module 1: Internet Slang & Memes','Decoding the language of the internet: from TikTok trends to Reddit slang.',1,'\n                <h3>? Welcome to the Internet!</h3>\n                <p>Have you ever seen a comment that said <strong>\"That\'s cap, bro\"</strong> and wondered if they were talking about hats? ? Here is your guide to slang!</p>\n                <ul>\n                    <li><strong>No cap</strong> - \"I\'m not lying\".</li>\n                    <li><strong>Ghosting</strong> - Ignoring someone\'s messages completely after talking to them. ?</li>\n                    <li><strong>Spill the tea</strong> - Gossiping or sharing the juicy details. ☕</li>\n                </ul>\n                ',1,'2026-03-26 11:40:47.600114','2026-03-26 11:42:51.886256',26),(47,'Module 2: Iconic Movie Quotes','Lines from movies that native speakers use in daily conversation.',2,'\n                <h3>? Lights, Camera, Action!</h3>\n                <p>Movies shape how native English speakers talk. Knowing these quotes will make your English sound 10x more natural.</p>\n                <ol>\n                    <li><strong>\"May the Force be with you.\"</strong> <i>(Star Wars)</i> - Used to wish someone good luck before a difficult task.</li>\n                    <li><strong>\"I\'ll be back.\"</strong> <i>(The Terminator)</i> - A dramatic (and often funny) way to say you\'re leaving for a moment.</li>\n                    <li><strong>\"We\'re not in Kansas anymore.\"</strong> <i>(The Wizard of Oz)</i> - Said when you find yourself in a strange, new, or uncomfortable situation.</li>\n                </ol>\n                ',1,'2026-03-26 11:40:47.609552','2026-03-26 11:40:47.609552',26),(48,'Lektion 1: Das Bierzelt (The Beer Tent)','How to order drinks, find a seat, and cheer like a true Bavarian.',1,'\n                <h3>? Willkommen auf dem Oktoberfest!</h3>\n                <p>Oktoberfest in Munich is massive. Let\'s learn the absolute essentials so you don\'t stay thirsty!</p>\n                <ul>\n                    <li><strong>Ein Maß Bier, bitte!</strong> - A liter of beer! (Never ask for a \'small\' beer here ?)</li>\n                    <li><strong>Prost!</strong> - Cheers! You must look the person in the eyes.</li>\n                </ul>\n                ',1,'2026-03-26 11:40:47.616091','2026-03-26 11:42:51.891955',24),(49,'Capitolo 1: Il Rinascimento','Dive into the vocabulary of the Renaissance and Leonardo da Vinci.',1,'\n                <h3>? Il Rinascimento</h3>\n                <p>The Renaissance was born in Florence. Vocabulary:</p>\n                <ul>\n                    <li><strong>Capolavoro</strong> (Masterpiece) - <i>La Gioconda è un capolavoro.</i></li>\n                    <li><strong>Sfumato</strong> - A technique meaning \"soft\".</li>\n                </ul>\n                ',1,'2026-03-26 11:40:47.624369','2026-03-26 11:42:51.897689',25),(50,'Module 1: The Ultimate Guide to Internet Slang & Memes','A deep dive into the modern language of the web.',1,'\n                <h3>? The Evolution of Internet Speak</h3>\n                <p>Welcome to the digital age! The way we speak online constantly evolves. If you want to understand native English speakers under the age of 30, textbooks won\'t help you. You need to know the slang.</p>\n                \n                <h4>? Essential Slang Dictionary</h4>\n                <table style=\"width:100%; border-collapse: collapse; margin-bottom: 20px;\">\n                    <tr style=\"background:#f1f5f9; text-align:left;\">\n                        <th style=\"padding:10px; border: 1px solid #cbd5e1;\">Slang Term</th>\n                        <th style=\"padding:10px; border: 1px solid #cbd5e1;\">Meaning</th>\n                        <th style=\"padding:10px; border: 1px solid #cbd5e1;\">Example in Context</th>\n                    </tr>\n                    <tr>\n                        <td style=\"padding:10px; border: 1px solid #cbd5e1;\"><strong>Cap / No Cap</strong></td>\n                        <td style=\"padding:10px; border: 1px solid #cbd5e1;\">A lie / Tell the truth</td>\n                        <td style=\"padding:10px; border: 1px solid #cbd5e1;\">\"This burger is the best in town, no cap.\"</td>\n                    </tr>\n                    <tr>\n                        <td style=\"padding:10px; border: 1px solid #cbd5e1;\"><strong>Ghosting</strong></td>\n                        <td style=\"padding:10px; border: 1px solid #cbd5e1;\">Suddenly cutting off all communication</td>\n                        <td style=\"padding:10px; border: 1px solid #cbd5e1;\">\"We went on one date and then she completely ghosted me.\"</td>\n                    </tr>\n                    <tr>\n                        <td style=\"padding:10px; border: 1px solid #cbd5e1;\"><strong>Spill the tea</strong></td>\n                        <td style=\"padding:10px; border: 1px solid #cbd5e1;\">Share gossips or exclusive news</td>\n                        <td style=\"padding:10px; border: 1px solid #cbd5e1;\">\"I heard what happened at the party. You have to spill the tea!\"</td>\n                    </tr>\n                    <tr>\n                        <td style=\"padding:10px; border: 1px solid #cbd5e1;\"><strong>Bop / Slaps</strong></td>\n                        <td style=\"padding:10px; border: 1px solid #cbd5e1;\">Describes exceptionally good music</td>\n                        <td style=\"padding:10px; border: 1px solid #cbd5e1;\">\"Have you heard the new album? It absolutely slaps.\"</td>\n                    </tr>\n                    <tr>\n                        <td style=\"padding:10px; border: 1px solid #cbd5e1;\"><strong>Salty</strong></td>\n                        <td style=\"padding:10px; border: 1px solid #cbd5e1;\">Being bitter or upset over something small</td>\n                        <td style=\"padding:10px; border: 1px solid #cbd5e1;\">\"He\'s just salty because he lost the video game.\"</td>\n                    </tr>\n                </table>\n\n                <h4>? Real-life Dialogue Example</h4>\n                <div style=\"background: #f8fafc; padding: 20px; border-radius: 12px; margin-bottom: 20px; border-left: 4px solid #6366f1;\">\n                    <p><strong>Jake:</strong> \"Bro, did you see Mike\'s new car?\"</p>\n                    <p><strong>Sam:</strong> \"Yeah, it’s amazing. No cap, I’m a little jealous.\"</p>\n                    <p><strong>Jake:</strong> \"Don\'t be salty! Let\'s go grab a burger. The new place downtown absolutely slaps.\"</p>\n                    <p><strong>Sam:</strong> \"Okay, bet. Let\'s go.\"</p>\n                </div>\n\n                <h4>? Grammar Note: Acronyms</h4>\n                <p>Internet acronyms are used daily in texts. Memorize these:</p>\n                <ul>\n                    <li><strong>TBH</strong> - To Be Honest (\"TBH I didn\'t like the movie.\")</li>\n                    <li><strong>NGL</strong> - Not Gonna Lie (\"NGL, I\'m pretty tired.\")</li>\n                    <li><strong>IMO / IMHO</strong> - In My Opinion / In My Humble Opinion</li>\n                    <li><strong>FOMO</strong> - Fear Of Missing Out</li>\n                </ul>\n                ',1,'2026-03-26 11:46:35.247305','2026-03-26 11:46:35.247305',26),(51,'Lektion 1: Das Bierzelt (The Beer Tent) Mastery','The complete vocabulary guide and cultural rules for surviving Oktoberfest.',1,'\n                <h3>? Willkommen auf dem Oktoberfest!</h3>\n                <p>Oktoberfest (also known by locals as the <i>Wiesn</i>) is the world\'s largest Volksfest. If you want to survive and have a great time, you need to know the specific Bavarian vocabulary and strict cultural rules.</p>\n                \n                <h4>? Essential Ordering Vocabulary</h4>\n                <p>Don\'t ever walk into a tent and ask for \"a small beer\". Here’s what you say:</p>\n                <ul>\n                    <li><strong>Ein Maß Bier, bitte.</strong> - One liter of beer, please. (Pronounced \'Mahss\')</li>\n                    <li><strong>Noch ein Maß, bitte!</strong> - Another liter, please!</li>\n                    <li><strong>Helles / Weißbier / Radler</strong> - Light beer / Wheat beer / Half beer half lemonade.</li>\n                    <li><strong>Eine Brezel, bitte.</strong> - A pretzel, please.</li>\n                    <li><strong>Hendl</strong> - Roast chicken. (The traditional Oktoberfest food).</li>\n                </ul>\n\n                <h4>? The Unwritten Rules of the Tent</h4>\n                <ol>\n                    <li><strong>Eye Contact During \'Prost\':</strong> When you say \"Prost!\" (Cheers) and clink glasses, you MUST look the other person directly in the eyes. In German superstition, failing to do so results in seven years of bad luck!</li>\n                    <li><strong>Don\'t dance on the tables:</strong> Dancing on the benches is absolutely encouraged. However, dancing on the <i>tables</i> will get you instantly kicked out by security.</li>\n                    <li><strong>Tipping the Waitress:</strong> The legendary waitresses (Kellnerinnen) carry up to 10 liters of beer at once. Give them a good tip, and they will make sure you never have an empty glass.</li>\n                </ol>\n\n                <h4>?️ Dialogue: Reserving a Table</h4>\n                <div style=\"background: #f8fafc; padding: 20px; border-radius: 12px; margin-bottom: 20px; border-left: 4px solid #f59e0b;\">\n                    <p><strong>Du (You):</strong> \"Entschuldigung, ist dieser Platz noch frei?\" <i>(Excuse me, is this seat free?)</i></p>\n                    <p><strong>Bayer (Local):</strong> \"Ja, setz dich!\" <i>(Yes, sit down!)</i></p>\n                    <p><strong>Du:</strong> \"Danke! Herr Ober! Zwei Maß, bitte!\" <i>(Thanks! Waiter! Two liters, please!)</i></p>\n                    <p><strong>Bayer:</strong> \"Prost! Auf die Gemütlichkeit!\" <i>(Cheers! To coziness/good times!)</i></p>\n                </div>\n                ',1,'2026-03-26 11:46:35.261295','2026-03-26 11:46:35.261295',24),(52,'Lesson 1: Anatomy of the Perfect Pitch','Structure your startup pitch to secure millions in funding.',1,'\n                <h3>? The 60-Second Elevator Pitch</h3>\n                <p>Imagine you step into an elevator with the world\'s top venture capitalist. You only have until the 50th floor to convince them to invest in your company. This is the art of the <strong>Elevator Pitch</strong>.</p>\n                \n                <h4>? The 5 Key Components</h4>\n                <ol>\n                    <li><strong>The Hook:</strong> A surprising statistic or relatable story to grab their attention immediately.</li>\n                    <li><strong>The Problem (Pain Point):</strong> Clearly define the major issue your target audience faces right now.</li>\n                    <li><strong>The Solution (Value Proposition):</strong> Explain exactly how your product solves the problem faster, cheaper, or better.</li>\n                    <li><strong>Traction:</strong> Provide hard numbers. \"We have 10,000 active users\" or \"We generated $50k in revenue last month.\"</li>\n                    <li><strong>The Ask (CTA):</strong> Always end with a Call to Action. \"We are raising $2M. Can I send you our pitch deck?\"</li>\n                </ol>\n\n                <h4>?️ Example Pitch</h4>\n                <div style=\"background: #f8fafc; padding: 20px; border-radius: 12px; margin-bottom: 20px; border-left: 4px solid #10b981;\">\n                    <p>\"Did you know that 80% of language learners give up in the first month because textbooks are boring? <strong>(Hook & Problem)</strong>.</p>\n                    <p>Our app, Learnify, solves this by teaching languages entirely through interactive games and AI characters <strong>(Solution)</strong>.</p>\n                    <p>Since launching last quarter, we have gained 50,000 active users and are growing 20% month-over-month <strong>(Traction)</strong>.</p>\n                    <p>We are currently raising a $1M seed round to expand our team. I\'d love to share our pitch deck with you. <strong>(The Ask)</strong>\"</p>\n                </div>\n                ',1,'2026-03-26 11:46:35.270691','2026-03-26 11:46:35.270691',21),(53,'Lektion 1: Slang across Latin America','Learn the vast differences in how people speak Spanish globally.',1,'\n                <h3>? El Español Real (Real Spanish)</h3>\n                <p>Spanish encompasses over 20 countries. Textbooks teach neutral Spanish, but in reality, every country has completely different slang!</p>\n                \n                <h4>? Ways to say \"Dude / Bro / Mate\"</h4>\n                <ul>\n                    <li>?? <strong>Tío / Tía</strong> (Spain) - \"¡Qué pasa, tío!\"</li>\n                    <li>?? <strong>Güey / Wey</strong> (Mexico) - \"No sé, güey.\"</li>\n                    <li>?? <strong>Parce / Parcero</strong> (Colombia) - \"Todo bien, parce.\"</li>\n                    <li>?? <strong>Che / Pibe</strong> (Argentina) - \"¡Che, vení acá!\"</li>\n                    <li>?? <strong>Weón</strong> (Chile) - Very common, but depends heavily on context!</li>\n                </ul>\n                ',1,'2026-03-26 11:46:35.279443','2026-03-26 11:46:35.279443',22);
/*!40000 ALTER TABLE `lessons` ENABLE KEYS */;
UNLOCK TABLES;

--
-- Table structure for table `socialaccount_socialaccount`
--

DROP TABLE IF EXISTS `socialaccount_socialaccount`;
/*!40101 SET @saved_cs_client     = @@character_set_client */;
/*!50503 SET character_set_client = utf8mb4 */;
CREATE TABLE `socialaccount_socialaccount` (
  `id` int NOT NULL AUTO_INCREMENT,
  `provider` varchar(200) COLLATE utf8mb4_unicode_ci NOT NULL,
  `uid` varchar(191) COLLATE utf8mb4_unicode_ci NOT NULL,
  `last_login` datetime(6) NOT NULL,
  `date_joined` datetime(6) NOT NULL,
  `extra_data` json NOT NULL,
  `user_id` bigint NOT NULL,
  PRIMARY KEY (`id`),
  UNIQUE KEY `socialaccount_socialaccount_provider_uid_fc810c6e_uniq` (`provider`,`uid`),
  KEY `socialaccount_socialaccount_user_id_8146e70c_fk_users_id` (`user_id`),
  CONSTRAINT `socialaccount_socialaccount_user_id_8146e70c_fk_users_id` FOREIGN KEY (`user_id`) REFERENCES `users` (`id`)
) ENGINE=InnoDB AUTO_INCREMENT=4 DEFAULT CHARSET=utf8mb4 COLLATE=utf8mb4_unicode_ci;
/*!40101 SET character_set_client = @saved_cs_client */;

--
-- Dumping data for table `socialaccount_socialaccount`
--

LOCK TABLES `socialaccount_socialaccount` WRITE;
/*!40000 ALTER TABLE `socialaccount_socialaccount` DISABLE KEYS */;
INSERT INTO `socialaccount_socialaccount` VALUES (1,'google','101432146551793979639','2026-03-29 10:12:14.011700','2026-02-04 14:29:37.398267','{\"aud\": \"616828765863-fafl0teqbvr81qja1dtub6f9491fse1a.apps.googleusercontent.com\", \"azp\": \"616828765863-fafl0teqbvr81qja1dtub6f9491fse1a.apps.googleusercontent.com\", \"exp\": 1774782733, \"iat\": 1774779133, \"iss\": \"https://accounts.google.com\", \"sub\": \"101432146551793979639\", \"name\": \"Михайло Басараб\", \"email\": \"myhailobasarab@gmail.com\", \"at_hash\": \"ZK42LbZUzYhQ3opBabcUNA\", \"picture\": \"https://lh3.googleusercontent.com/a/ACg8ocKfKo6sQIStDvklIehCw7l05e23EesQZrp7pE5AIWlUzrAm=s96-c\", \"given_name\": \"Михайло\", \"family_name\": \"Басараб\", \"email_verified\": true}',4),(2,'google','116666181456169450575','2026-03-29 10:18:02.217497','2026-03-23 08:14:24.721758','{\"aud\": \"616828765863-fafl0teqbvr81qja1dtub6f9491fse1a.apps.googleusercontent.com\", \"azp\": \"616828765863-fafl0teqbvr81qja1dtub6f9491fse1a.apps.googleusercontent.com\", \"exp\": 1774783082, \"iat\": 1774779482, \"iss\": \"https://accounts.google.com\", \"sub\": \"116666181456169450575\", \"name\": \"Михайло Басараб\", \"email\": \"mishabasarab2008@gmail.com\", \"at_hash\": \"fADOAHqyZzhox54YUAUYGQ\", \"picture\": \"https://lh3.googleusercontent.com/a/ACg8ocIcWlyswkXbwbwiI8bdyzGq4nbClYTqS1AtD_CWKJYIx7VaYQ=s96-c\", \"given_name\": \"Михайло\", \"family_name\": \"Басараб\", \"email_verified\": true}',6),(3,'google','118046641414018255198','2026-03-29 10:17:09.876995','2026-03-29 10:17:09.878001','{\"aud\": \"616828765863-fafl0teqbvr81qja1dtub6f9491fse1a.apps.googleusercontent.com\", \"azp\": \"616828765863-fafl0teqbvr81qja1dtub6f9491fse1a.apps.googleusercontent.com\", \"exp\": 1774783029, \"iat\": 1774779429, \"iss\": \"https://accounts.google.com\", \"sub\": \"118046641414018255198\", \"name\": \"ToXiC\", \"email\": \"aprotibro@gmail.com\", \"at_hash\": \"aF9gA3YJSZiJPUnhVXZHYg\", \"picture\": \"https://lh3.googleusercontent.com/a/ACg8ocIgX41p5UbkNrgdst__7lT9vHtURIb6qqZG4FoU1h4Uj-rAMaw3=s96-c\", \"given_name\": \"ToXiC\", \"email_verified\": true}',13);
/*!40000 ALTER TABLE `socialaccount_socialaccount` ENABLE KEYS */;
UNLOCK TABLES;

--
-- Table structure for table `socialaccount_socialapp`
--

DROP TABLE IF EXISTS `socialaccount_socialapp`;
/*!40101 SET @saved_cs_client     = @@character_set_client */;
/*!50503 SET character_set_client = utf8mb4 */;
CREATE TABLE `socialaccount_socialapp` (
  `id` int NOT NULL AUTO_INCREMENT,
  `provider` varchar(30) COLLATE utf8mb4_unicode_ci NOT NULL,
  `name` varchar(40) COLLATE utf8mb4_unicode_ci NOT NULL,
  `client_id` varchar(191) COLLATE utf8mb4_unicode_ci NOT NULL,
  `secret` varchar(191) COLLATE utf8mb4_unicode_ci NOT NULL,
  `key` varchar(191) COLLATE utf8mb4_unicode_ci NOT NULL,
  `provider_id` varchar(200) COLLATE utf8mb4_unicode_ci NOT NULL,
  `settings` json NOT NULL DEFAULT (_utf8mb3'{}'),
  PRIMARY KEY (`id`)
) ENGINE=InnoDB DEFAULT CHARSET=utf8mb4 COLLATE=utf8mb4_unicode_ci;
/*!40101 SET character_set_client = @saved_cs_client */;

--
-- Dumping data for table `socialaccount_socialapp`
--

LOCK TABLES `socialaccount_socialapp` WRITE;
/*!40000 ALTER TABLE `socialaccount_socialapp` DISABLE KEYS */;
/*!40000 ALTER TABLE `socialaccount_socialapp` ENABLE KEYS */;
UNLOCK TABLES;

--
-- Table structure for table `socialaccount_socialapp_sites`
--

DROP TABLE IF EXISTS `socialaccount_socialapp_sites`;
/*!40101 SET @saved_cs_client     = @@character_set_client */;
/*!50503 SET character_set_client = utf8mb4 */;
CREATE TABLE `socialaccount_socialapp_sites` (
  `id` bigint NOT NULL AUTO_INCREMENT,
  `socialapp_id` int NOT NULL,
  `site_id` int NOT NULL,
  PRIMARY KEY (`id`),
  UNIQUE KEY `socialaccount_socialapp_sites_socialapp_id_site_id_71a9a768_uniq` (`socialapp_id`,`site_id`),
  KEY `socialaccount_socialapp_sites_site_id_2579dee5_fk_django_site_id` (`site_id`),
  CONSTRAINT `socialaccount_social_socialapp_id_97fb6e7d_fk_socialacc` FOREIGN KEY (`socialapp_id`) REFERENCES `socialaccount_socialapp` (`id`),
  CONSTRAINT `socialaccount_socialapp_sites_site_id_2579dee5_fk_django_site_id` FOREIGN KEY (`site_id`) REFERENCES `django_site` (`id`)
) ENGINE=InnoDB DEFAULT CHARSET=utf8mb4 COLLATE=utf8mb4_unicode_ci;
/*!40101 SET character_set_client = @saved_cs_client */;

--
-- Dumping data for table `socialaccount_socialapp_sites`
--

LOCK TABLES `socialaccount_socialapp_sites` WRITE;
/*!40000 ALTER TABLE `socialaccount_socialapp_sites` DISABLE KEYS */;
/*!40000 ALTER TABLE `socialaccount_socialapp_sites` ENABLE KEYS */;
UNLOCK TABLES;

--
-- Table structure for table `socialaccount_socialtoken`
--

DROP TABLE IF EXISTS `socialaccount_socialtoken`;
/*!40101 SET @saved_cs_client     = @@character_set_client */;
/*!50503 SET character_set_client = utf8mb4 */;
CREATE TABLE `socialaccount_socialtoken` (
  `id` int NOT NULL AUTO_INCREMENT,
  `token` longtext COLLATE utf8mb4_unicode_ci NOT NULL,
  `token_secret` longtext COLLATE utf8mb4_unicode_ci NOT NULL,
  `expires_at` datetime(6) DEFAULT NULL,
  `account_id` int NOT NULL,
  `app_id` int DEFAULT NULL,
  PRIMARY KEY (`id`),
  UNIQUE KEY `socialaccount_socialtoken_app_id_account_id_fca4e0ac_uniq` (`app_id`,`account_id`),
  KEY `socialaccount_social_account_id_951f210e_fk_socialacc` (`account_id`),
  CONSTRAINT `socialaccount_social_account_id_951f210e_fk_socialacc` FOREIGN KEY (`account_id`) REFERENCES `socialaccount_socialaccount` (`id`),
  CONSTRAINT `socialaccount_social_app_id_636a42d7_fk_socialacc` FOREIGN KEY (`app_id`) REFERENCES `socialaccount_socialapp` (`id`)
) ENGINE=InnoDB DEFAULT CHARSET=utf8mb4 COLLATE=utf8mb4_unicode_ci;
/*!40101 SET character_set_client = @saved_cs_client */;

--
-- Dumping data for table `socialaccount_socialtoken`
--

LOCK TABLES `socialaccount_socialtoken` WRITE;
/*!40000 ALTER TABLE `socialaccount_socialtoken` DISABLE KEYS */;
/*!40000 ALTER TABLE `socialaccount_socialtoken` ENABLE KEYS */;
UNLOCK TABLES;

--
-- Table structure for table `test_answers`
--

DROP TABLE IF EXISTS `test_answers`;
/*!40101 SET @saved_cs_client     = @@character_set_client */;
/*!50503 SET character_set_client = utf8mb4 */;
CREATE TABLE `test_answers` (
  `id` bigint NOT NULL AUTO_INCREMENT,
  `user_answer` longtext COLLATE utf8mb4_unicode_ci NOT NULL,
  `is_correct` tinyint(1) DEFAULT NULL,
  `points_earned` int NOT NULL,
  `ai_feedback` longtext COLLATE utf8mb4_unicode_ci,
  `answered_at` datetime(6) NOT NULL,
  `attempt_id` bigint NOT NULL,
  `question_id` bigint NOT NULL,
  PRIMARY KEY (`id`),
  UNIQUE KEY `test_answers_attempt_id_question_id_70a792c1_uniq` (`attempt_id`,`question_id`),
  KEY `test_answers_question_id_cea2ece5_fk_test_questions_id` (`question_id`),
  CONSTRAINT `test_answers_attempt_id_651dd81b_fk_test_attempts_id` FOREIGN KEY (`attempt_id`) REFERENCES `test_attempts` (`id`),
  CONSTRAINT `test_answers_question_id_cea2ece5_fk_test_questions_id` FOREIGN KEY (`question_id`) REFERENCES `test_questions` (`id`)
) ENGINE=InnoDB AUTO_INCREMENT=73 DEFAULT CHARSET=utf8mb4 COLLATE=utf8mb4_unicode_ci;
/*!40101 SET character_set_client = @saved_cs_client */;

--
-- Dumping data for table `test_answers`
--

LOCK TABLES `test_answers` WRITE;
/*!40000 ALTER TABLE `test_answers` DISABLE KEYS */;
INSERT INTO `test_answers` VALUES (38,'In 2026, the integration of AI is driving a profound social polarization by \"hollowing out\" the middle class through the automation of white-collar tasks while simultaneously boosting the earnings of a specialized elite. This shift creates a widening \"digital divide\" and fuels widespread \"AI anxiety\" as workers face a crisis of professional identity and the rapid obsolescence of hard-earned skills. While global productivity scales, the disconnect between the speed of technological displacement and the slower pace of human reskilling necessitates a radical overhaul of education and social safety nets to prevent deep-seated structural unemployment and intensifying global inequality.',1,50,'Вражаюча аналізу соціальних наслідків штучного інтелекту на ринок праці! Ти добре використовуєш формальний тон, логічну структуру та вказуєш на плюси та мінуси. Чудово підкреслив важливі проблеми, такі як \"цифровий розрив\" та \"страх перед штучним інтелектом\". Рекомендую додати більше конкретних прикладів або досліджень, щоб підтвердит','2026-03-04 11:46:33.023225',21,102),(39,'blue',1,25,NULL,'2026-03-04 12:21:11.923639',22,95),(40,'How are you?',1,25,NULL,'2026-03-04 12:21:12.976224',22,94),(41,'I dont know',1,50,'Привіт! Твоя відповідь не відповідає вимозі завдання. Пам\'ятай, що відповідь має містити просте привітання та представлення. Спробуй включити \"Hello/Hi\" та своє ім\'я у відповідь. Ти впораєшся!','2026-03-04 12:21:28.304914',22,96),(42,'heiße',1,25,NULL,'2026-03-16 10:29:48.566058',25,103),(43,'Berlin',1,25,NULL,'2026-03-16 10:31:27.506234',25,104),(44,'Meine Mutter ist Lehrerin.',0,0,'Ваша відповідь часткова. Спробуйте включити інших членів сім\'ї або їхні стосунки у речення.','2026-03-16 10:32:05.322427',25,105),(45,'knew',1,25,NULL,'2026-03-18 07:31:20.712478',26,97),(46,'hello',0,0,'Відповідь неправильна. Будь ласка, напишіть короткий абзац про вашу улюблену книгу або фільм, використовуючи описові прикметники та пояснюючи причини, чому вам вона подобається.','2026-03-18 07:31:39.838613',27,99),(47,'Як зварити борщ',0,0,'Ваша відповідь не відповідає на запитання. Будь ласка, спробуйте ще раз, обговоривши соціальні впливи штучного інтелекту на ринок праці.','2026-03-18 07:32:19.331604',24,102),(48,'тучний інтелект (ШІ) вже активно змінює ринок праці — і ці зміни мають не лише економічний, а й соціальний вплив. Давай розберемо це просто, але по суті ?\r\n\r\n? 1. Автоматизація та втрата робочих місць\r\n\r\nШІ може виконувати рутинні завдання швидше за людину.\r\n\r\nЩо це означає:\r\n\r\nМенше роботи для касирів, операторів, бухгалтерів початкового рівня\r\n\r\nЧастина професій зникає або сильно змінюється\r\n\r\nСоціальний вплив:\r\n\r\nЛюди можуть втрачати роботу → стрес, фінансові проблеми\r\n\r\nЗростає нерівність між “висококваліфікованими” і “низькокваліфікованими”',0,0,'Ваша відповідь містить важливу інформацію про вплив штучного інтелекту на ринок праці, але вона не відповідає вимогам завдання. Потрібно було використати формальний тон, логічну структуру та вказати як позитивні, так і негативні аспекти впливу ШІ на ринок праці.','2026-03-18 07:34:09.250498',28,102),(49,'**The Social Impact of Artificial Intelligence on the Labor Market**\r\n\r\nArtificial Intelligence (AI) has become a key driver of transformation in the modern labor market. Its rapid development is reshaping not only economic structures but also social dynamics. While AI offers significant opportunities for innovation and efficiency, it also raises serious concerns regarding employment, inequality, and workforce adaptation.\r\n\r\nOn the one hand, AI has a positive impact on the labor market. One of its main advantages is the increase in productivity and efficiency. Automated systems can perform repetitive and time-consuming tasks with greater accuracy and speed than humans, allowing workers to focus on more complex and creative activities. Furthermore, AI contributes to the creation of new professions, such as data analysts, AI engineers, and specialists in digital technologies. This encourages the development of new skills and promotes continuous learning, which is essential in a rapidly changing world.\r\n\r\nIn addition, AI supports the growth of flexible forms of employment. Remote work and freelancing have become more accessible due to digital tools powered by AI. This provides individuals with greater autonomy and the ability to balance their professional and personal lives more effectively.\r\n\r\nOn the other hand, the spread of AI also has negative consequences. One of the most significant issues is job displacement. Many routine and low-skilled jobs are at risk of being automated, which may lead to unemployment and financial instability for certain groups of workers. As a result, social inequality can increase, since highly skilled individuals benefit more from technological advancements, while others may struggle to adapt.\r\n\r\nMoreover, AI contributes to the polarization of the labor market. There is a growing divide between high-paying, high-skill jobs and low-paying, low-skill positions, which can weaken the middle class. In addition, the uncertainty caused by technological change can lead to psychological stress and anxiety among workers who fear losing their jobs.\r\n\r\nIn conclusion, Artificial Intelligence has a profound and complex impact on the labor market. While it creates new opportunities and improves efficiency, it also poses serious challenges that require careful management. Governments, educational institutions, and organizations must work together to ensure that the benefits of AI are distributed fairly and that workers are supported in adapting to these changes.',1,50,'Відповідь вірна. Добре структурований та аргументований відгук на тему соціальних наслідків штучного інтелекту на ринку праці.','2026-03-18 07:35:32.204980',29,102),(50,'**Соціальний вплив штучного інтелекту на ринок праці**\r\n\r\nШтучний інтелект (ШІ) став одним із ключових чинників трансформації сучасного ринку праці. Його стрімкий розвиток змінює не лише економічні процеси, але й соціальні відносини. Хоча ШІ відкриває нові можливості для підвищення ефективності та інновацій, він також породжує низку серйозних викликів, пов’язаних із зайнятістю, нерівністю та необхідністю адаптації робочої сили.\r\n\r\nЗ одного боку, вплив ШІ на ринок праці має позитивні аспекти. Насамперед, йдеться про зростання продуктивності та ефективності праці. Автоматизовані системи здатні виконувати рутинні та повторювані завдання швидше й точніше за людину, що дозволяє працівникам зосереджуватися на складніших і творчих видах діяльності. Крім того, розвиток ШІ сприяє появі нових професій, таких як аналітики даних, інженери штучного інтелекту та фахівці з цифрових технологій. Це, у свою чергу, стимулює розвиток нових навичок і підкреслює важливість безперервного навчання.\r\n\r\nТакож ШІ сприяє розвитку гнучких форм зайнятості. Завдяки цифровим технологіям, розширюються можливості дистанційної роботи та фрілансу, що забезпечує працівникам більшу автономію та допомагає ефективніше поєднувати професійне і особисте життя.\r\n\r\nЗ іншого боку, впровадження ШІ має і негативні наслідки. Однією з найбільших проблем є витіснення працівників із ринку праці. Багато рутинних і низькокваліфікованих робочих місць піддаються автоматизації, що може призвести до безробіття та фінансової нестабільності окремих груп населення. У результаті цього зростає соціальна нерівність, оскільки висококваліфіковані працівники отримують більше переваг від технологічного прогресу, тоді як інші стикаються з труднощами адаптації.\r\n\r\nКрім того, ШІ сприяє поляризації ринку праці. Спостерігається зростаючий розрив між високооплачуваними професіями, що потребують високого рівня кваліфікації, та низькооплачуваними видами діяльності. Це може призвести до скорочення середнього класу. Не менш важливими є й психологічні аспекти: невизначеність щодо майбутнього та страх втрати роботи можуть викликати стрес і тривожність серед працівників.\r\n\r\nОтже, штучний інтелект має комплексний і неоднозначний вплив на ринок праці. З одного боку, він створює нові можливості та підвищує ефективність, з іншого — породжує серйозні соціальні виклики. Тому важливо, щоб держави, освітні установи та роботодавці спільно працювали над забезпеченням справедливого розподілу переваг технологічного розвитку та підтримкою працівників у процесі адаптації до нових умов.',1,50,'Ваша відповідь вірна! Добре структурована та містить як позитивні, так і негативні аспекти впливу штучного інтелекту на ринок праці. Продовжуйте вдосконалювати свої навички у написанні есе!','2026-03-18 07:36:07.756206',30,102),(51,'every night',0,0,NULL,'2026-03-18 10:45:16.702478',31,100),(52,'continue',0,0,NULL,'2026-03-18 10:45:19.864920',31,101),(53,'je mangerai',0,0,NULL,'2026-03-18 11:40:26.200919',32,106),(54,'triste',0,0,NULL,'2026-03-18 11:40:29.003447',32,107),(55,'I like to eat a simple but delicious breakfast. I usually have toast with butter and jam, along with scrambled eggs. I also enjoy eating fresh fruit, such as apples or bananas. To drink, I prefer coffee or orange juice. Sometimes, when I have more time, I prepare oatmeal with honey and nuts.',0,0,'Ваша відповідь неправильна, оскільки вона не була надана іспанською мовою. Будь ласка, надайте відповідь іспанською мовою.','2026-03-20 06:27:12.186801',33,111),(56,'Me gusta comer un desayuno sencillo pero delicioso. Normalmente desayuno pan tostado con mantequilla y mermelada, acompañado de huevos revueltos. También me encanta comer fruta fresca, como manzanas o plátanos. Para beber, prefiero café o jugo de naranja. A veces, cuando tengo más tiempo, preparo avena con miel y nueces.',1,50,'Дуже добре! Ваша відповідь була правильною та детальною. Продовжуйте вивчати іспанську мову!','2026-03-20 06:27:36.806610',34,111),(57,'Ma ville préférée est Paris. J’aime cette ville parce qu’elle est très belle et pleine d’histoire. Il y a beaucoup de monuments célèbres, comme la Tour Eiffel et le Louvre. J’adore me promener dans les rues et le long de la Seine. Il y a aussi de nombreux cafés où l’on peut se détendre et profiter de l’ambiance. Paris est une ville romantique et culturelle, c’est pourquoi je l’aime beaucoup.',1,50,'Дуже добре! Ваша відповідь на питання була правильною та дотримувалася вимог до мови. Продовжуйте вивчати французьку мову!','2026-03-20 06:30:57.420062',35,108),(58,'content',1,25,NULL,'2026-03-20 06:31:12.004035',35,107),(59,'j\'ai mangé',1,25,NULL,'2026-03-20 06:31:17.771551',35,106),(60,'He wakes up, eats breakfast, and goes to school by bus',0,0,NULL,'2026-03-20 10:20:28.807879',36,112),(61,'He wakes up, eats breakfast, and goes to school by bus',1,1,NULL,'2026-03-20 10:20:48.817073',39,112),(62,'False',1,5,NULL,'2026-03-20 10:28:07.744589',39,114),(63,'He visited his grandmother',1,10,NULL,'2026-03-20 10:30:04.010031',39,115),(64,'He is listening to the teacher and writing notes.',1,15,'Дуже добре! Продовжуйте вчити англійську мову!','2026-03-20 10:32:37.146414',39,116),(65,'je mangerai',0,0,NULL,'2026-03-26 08:41:19.162467',43,106),(66,'fâché',0,0,NULL,'2026-03-26 08:41:20.739234',43,107),(67,'expand',0,0,NULL,'2026-03-26 11:25:46.919186',45,101),(68,'feeling ill',1,25,NULL,'2026-03-26 12:04:58.970489',46,125),(69,'A lucky charm',0,0,NULL,'2026-03-26 12:05:00.592071',46,124),(70,'To attack someone aggressively',0,0,NULL,'2026-03-26 12:05:02.382244',46,123),(71,'Option B',0,0,NULL,'2026-03-26 12:21:10.109393',47,119),(72,'One of the most compelling films is The Social Network because it captures the frantic, high-stakes energy of building a platform from the ground up. Watching the transformation of a small coding project into a global phenomenon offers a fascinating look at the intersection of technical ambition, complex interpersonal dynamics, and the often-blurred lines of intellectual property. The sharp pacing and the realistic portrayal of the development process—from late-night hack sessions to the struggles of scaling infrastructure—make it particularly resonant for anyone who has spent time navigating the challenges of software engineering and startup culture.',1,50,'Дуже гарно написаний відгук! Ви використали багато описових прикметників та добре пояснили, чому саме цей фільм вам сподобався. Продовжуйте в тому ж дусі!','2026-03-29 10:18:41.747168',48,99);
/*!40000 ALTER TABLE `test_answers` ENABLE KEYS */;
UNLOCK TABLES;

--
-- Table structure for table `test_attempts`
--

DROP TABLE IF EXISTS `test_attempts`;
/*!40101 SET @saved_cs_client     = @@character_set_client */;
/*!50503 SET character_set_client = utf8mb4 */;
CREATE TABLE `test_attempts` (
  `id` bigint NOT NULL AUTO_INCREMENT,
  `status` varchar(20) COLLATE utf8mb4_unicode_ci NOT NULL,
  `started_at` datetime(6) NOT NULL,
  `completed_at` datetime(6) DEFAULT NULL,
  `total_score` int NOT NULL,
  `max_score` int NOT NULL,
  `reading_score` int NOT NULL,
  `writing_score` int NOT NULL,
  `test_id` bigint NOT NULL,
  `user_id` bigint NOT NULL,
  PRIMARY KEY (`id`),
  KEY `test_attempts_test_id_cea68c14_fk_tests_id` (`test_id`),
  KEY `test_attempts_user_id_25154800_fk_users_id` (`user_id`),
  CONSTRAINT `test_attempts_test_id_cea68c14_fk_tests_id` FOREIGN KEY (`test_id`) REFERENCES `tests` (`id`),
  CONSTRAINT `test_attempts_user_id_25154800_fk_users_id` FOREIGN KEY (`user_id`) REFERENCES `users` (`id`)
) ENGINE=InnoDB AUTO_INCREMENT=49 DEFAULT CHARSET=utf8mb4 COLLATE=utf8mb4_unicode_ci;
/*!40101 SET character_set_client = @saved_cs_client */;

--
-- Dumping data for table `test_attempts`
--

LOCK TABLES `test_attempts` WRITE;
/*!40000 ALTER TABLE `test_attempts` DISABLE KEYS */;
INSERT INTO `test_attempts` VALUES (19,'in_progress','2026-03-04 11:26:05.682998',NULL,0,100,0,0,20,8),(20,'in_progress','2026-03-04 11:27:17.921330',NULL,0,100,0,0,21,8),(21,'completed','2026-03-04 11:27:39.467990','2026-03-04 11:47:16.967755',50,100,0,50,22,8),(22,'in_progress','2026-03-04 12:20:52.328318',NULL,0,100,0,0,20,5),(23,'in_progress','2026-03-11 11:25:47.834311',NULL,0,100,0,0,20,4),(24,'completed','2026-03-13 06:32:11.086252','2026-03-18 07:34:00.771689',0,100,0,0,22,4),(25,'in_progress','2026-03-16 10:29:39.540605',NULL,0,100,0,0,23,4),(26,'completed','2026-03-18 06:47:27.292028','2026-03-18 07:31:23.831932',25,100,25,0,21,4),(27,'in_progress','2026-03-18 07:31:26.946247',NULL,0,100,0,0,21,4),(28,'completed','2026-03-18 07:34:02.021047','2026-03-18 07:35:25.585524',0,100,0,0,22,4),(29,'completed','2026-03-18 07:35:26.605556','2026-03-18 07:35:53.294837',50,100,0,50,22,4),(30,'in_progress','2026-03-18 07:35:54.191734',NULL,0,100,0,0,22,4),(31,'completed','2026-03-18 10:45:02.287310','2026-03-18 10:45:23.190676',0,100,0,0,22,10),(32,'completed','2026-03-18 11:40:17.303421','2026-03-18 11:40:33.565686',0,100,0,0,24,10),(33,'completed','2026-03-20 06:26:35.071804','2026-03-20 06:27:20.481447',0,100,0,0,25,4),(34,'completed','2026-03-20 06:27:26.912508','2026-03-20 06:27:53.989929',50,100,0,50,25,4),(35,'completed','2026-03-20 06:30:40.066262','2026-03-20 06:31:19.291961',100,100,50,50,24,4),(36,'completed','2026-03-20 10:13:26.626132','2026-03-20 10:20:45.952677',0,100,0,0,26,11),(37,'in_progress','2026-03-20 10:13:33.296248',NULL,0,100,0,0,22,11),(38,'in_progress','2026-03-20 10:17:36.838385',NULL,0,100,0,0,20,11),(39,'completed','2026-03-20 10:20:46.874383','2026-03-20 10:32:53.714821',31,100,31,0,26,11),(40,'in_progress','2026-03-20 10:37:13.286822',NULL,0,100,0,0,25,11),(41,'in_progress','2026-03-20 11:16:22.962921',NULL,0,100,0,0,26,4),(42,'in_progress','2026-03-26 08:25:37.974637',NULL,0,100,0,0,20,12),(43,'completed','2026-03-26 08:41:16.112343','2026-03-26 08:41:23.469136',0,100,0,0,24,12),(44,'in_progress','2026-03-26 08:47:51.880946',NULL,0,100,0,0,21,12),(45,'completed','2026-03-26 11:25:44.217050','2026-03-26 11:25:49.047776',0,100,0,0,22,12),(46,'completed','2026-03-26 12:04:53.954596','2026-03-26 12:05:05.602739',25,100,25,0,27,12),(47,'completed','2026-03-26 12:21:07.133626','2026-03-26 12:21:11.132515',0,100,0,0,29,12),(48,'in_progress','2026-03-29 10:18:33.539036',NULL,0,100,0,0,21,6);
/*!40000 ALTER TABLE `test_attempts` ENABLE KEYS */;
UNLOCK TABLES;

--
-- Table structure for table `test_questions`
--

DROP TABLE IF EXISTS `test_questions`;
/*!40101 SET @saved_cs_client     = @@character_set_client */;
/*!50503 SET character_set_client = utf8mb4 */;
CREATE TABLE `test_questions` (
  `id` bigint NOT NULL AUTO_INCREMENT,
  `question_type` varchar(20) COLLATE utf8mb4_unicode_ci NOT NULL,
  `question_text` longtext COLLATE utf8mb4_unicode_ci NOT NULL,
  `correct_answer` longtext COLLATE utf8mb4_unicode_ci NOT NULL,
  `options` json DEFAULT NULL,
  `points` int NOT NULL,
  `order` int NOT NULL,
  `is_ai_generated` tinyint(1) NOT NULL,
  `ai_prompt` longtext COLLATE utf8mb4_unicode_ci,
  `section_id` bigint NOT NULL,
  PRIMARY KEY (`id`),
  KEY `test_questions_section_id_0a8e0ff3_fk_test_sections_id` (`section_id`),
  CONSTRAINT `test_questions_section_id_0a8e0ff3_fk_test_sections_id` FOREIGN KEY (`section_id`) REFERENCES `test_sections` (`id`)
) ENGINE=InnoDB AUTO_INCREMENT=132 DEFAULT CHARSET=utf8mb4 COLLATE=utf8mb4_unicode_ci;
/*!40101 SET character_set_client = @saved_cs_client */;

--
-- Dumping data for table `test_questions`
--

LOCK TABLES `test_questions` WRITE;
/*!40000 ALTER TABLE `test_questions` DISABLE KEYS */;
INSERT INTO `test_questions` VALUES (94,'multiple_choice','What is the correct way to say \"How are you?\"','How are you?','[\"How you are?\", \"How are you?\", \"What you do?\", \"Where you go?\"]',25,1,0,NULL,36),(95,'multiple_choice','The color of the sky is usually...','blue','[\"red\", \"green\", \"blue\", \"yellow\"]',25,2,0,NULL,36),(96,'short_answer','Write a simple greeting and introduce yourself.','Should contain \"Hello/Hi\" and a name.',NULL,50,1,0,NULL,37),(97,'multiple_choice','If I ________ (know) the answer, I would tell you.','knew','[\"know\", \"knew\", \"known\", \"will know\"]',25,1,0,NULL,38),(98,'multiple_choice','Choose the synonym for \"significant\":','important','[\"small\", \"important\", \"weak\", \"fast\"]',25,2,0,NULL,38),(99,'essay','Write a short paragraph about your favorite book or movie and why you like it.','Should use descriptive adjectives and explain reasons.',NULL,50,1,0,NULL,39),(100,'multiple_choice','What does the idiom \"once in a blue moon\" mean?','very rarely','[\"every night\", \"very rarely\", \"during a storm\", \"never\"]',25,1,0,NULL,40),(101,'multiple_choice','The company decided to __________ the project due to budget cuts.','abort','[\"continue\", \"expand\", \"abort\", \"celebrate\"]',25,2,0,NULL,40),(102,'essay','Discuss the social impacts of artificial intelligence on the job market.','Formal tone, logical structure, pros and cons.',NULL,50,1,0,NULL,41),(103,'multiple_choice','Wie heißt du? - Ich _______ Hans.','heiße','[\"bist\", \"heißt\", \"heißt\", \"heiße\"]',25,1,0,NULL,42),(104,'multiple_choice','Was ist die Hauptstadt von Deutschland?','Berlin','[\"München\", \"Hamburg\", \"Berlin\", \"Wien\"]',25,2,0,NULL,42),(105,'short_answer','Schreiben Sie zwei Sätze über Ihre Familie.','Should mentions family members or relationships.',NULL,50,1,0,NULL,43),(106,'multiple_choice','Quel est le passé composé du verbe \"manger\" (je)?','j\'ai mangé','[\"je mange\", \"je mangerai\", \"j\'ai mangé\", \"je mangeais\"]',25,1,0,NULL,44),(107,'multiple_choice','Synonyme de \"heureux\":','content','[\"triste\", \"fâché\", \"content\", \"fatigué\"]',25,2,0,NULL,44),(108,'essay','Décrivez votre ville préférée et expliquez pourquoi vous l\'aimez.','Should include descriptions of places and emotions.',NULL,50,1,0,NULL,45),(109,'multiple_choice','¿Como se dice \"Goodbye\" en español?','Adiós','[\"Hola\", \"Gracias\", \"Adiós\", \"Por favor\"]',25,1,0,NULL,46),(110,'multiple_choice','¿Cual es el plural de \"el coche\"?','los coches','[\"un coche\", \"la coche\", \"los coches\", \"el coches\"]',25,2,0,NULL,46),(111,'short_answer','Describe lo que te gusta comer en el desayuno.','Should mention breakfast foods in Spanish.',NULL,50,1,0,NULL,47),(112,'multiple_choice','What does Tom do every morning?','He wakes up, eats breakfast, and goes to school by bus','[\"He drives to school\", \"He wakes up, eats breakfast, and goes to school by bus\", \"He wakes up and walks to school\", \"He eats lunch and takes a taxi\"]',10,1,0,'',48),(113,'true_false','Right now, Tom is playing football in the park.','False','[\"True\", \"False\"]',5,2,0,'',46),(114,'multiple_choice','Right now, Tom is playing football in the park.','False','[\"True\", \"False\"]',5,2,0,'',48),(115,'multiple_choice','What did Tom do last Friday?','He visited his grandmother','[\"He stayed at school late\", \"He went to the cinema alone\", \"He visited his grandmother\", \"He cooked dinner at school\"]',10,3,0,'',48),(116,'short_answer','What are two things Tom is doing right now in the classroom?','He is listening to the teacher and writing notes.','[]',15,4,0,'',48),(119,'multiple_choice','Sample question to determine your skill level.','Option A','[\"Option A\", \"Option B\", \"Option C\"]',100,1,0,NULL,51),(120,'multiple_choice','Sample question to determine your skill level.','Option A','[\"Option A\", \"Option B\", \"Option C\"]',100,1,0,NULL,52),(121,'multiple_choice','Sample question to determine your skill level.','Option A','[\"Option A\", \"Option B\", \"Option C\"]',100,1,0,NULL,53),(123,'multiple_choice','If someone tells you to \'bite the bullet\', what do they mean?','To endure a painful or difficult situation bravely','[\"To physically protect yourself\", \"To endure a painful or difficult situation bravely\", \"To attack someone aggressively\", \"To run away from danger\"]',25,1,0,NULL,49),(124,'multiple_choice','What does \'a blessing in disguise\' mean?','A good thing that seemed bad at first','[\"A person who lies to you\", \"A lucky charm\", \"A good thing that seemed bad at first\", \"Something obvious\"]',25,2,0,NULL,49),(125,'multiple_choice','If you are \'under the weather\', you are...','feeling ill','[\"feeling ill\", \"enjoying the rain\", \"very happy\", \"confused\"]',25,3,0,NULL,49),(126,'short_answer','Complete the idiom: \'Don\'t judge a book by its...\'','cover','[]',25,4,0,NULL,49),(127,'multiple_choice','To \'look forward to\' something means...','to be excited about a future event','[\"to ignore something in the past\", \"to be excited about a future event\", \"to search for something lost\", \"to protect someone\"]',40,1,0,NULL,54),(128,'fill_blank','I can\'t believe he turned _______ the job offer, it paid so well!','down',NULL,30,2,0,NULL,54),(129,'fill_blank','Please fill _______ this form and return it to the receptionist.','out',NULL,30,3,0,NULL,54),(130,'multiple_choice','Choose the correct form: \'Ayer, yo _____ (ir) al cine.\'','fui','[\"iba\", \"fui\", \"iré\", \"voy\"]',25,1,0,NULL,50),(131,'multiple_choice','Choose the correct form: \'Cuando era niño, yo _____ (jugar) en el parque.\'','jugaba','[\"jugué\", \"jugaba\", \"jugaría\", \"juego\"]',25,2,0,NULL,50);
/*!40000 ALTER TABLE `test_questions` ENABLE KEYS */;
UNLOCK TABLES;

--
-- Table structure for table `test_sections`
--

DROP TABLE IF EXISTS `test_sections`;
/*!40101 SET @saved_cs_client     = @@character_set_client */;
/*!50503 SET character_set_client = utf8mb4 */;
CREATE TABLE `test_sections` (
  `id` bigint NOT NULL AUTO_INCREMENT,
  `section_type` varchar(20) COLLATE utf8mb4_unicode_ci NOT NULL,
  `title` varchar(200) COLLATE utf8mb4_unicode_ci NOT NULL,
  `description` longtext COLLATE utf8mb4_unicode_ci NOT NULL,
  `duration_minutes` int NOT NULL,
  `max_score` int NOT NULL,
  `order` int NOT NULL,
  `test_id` bigint NOT NULL,
  PRIMARY KEY (`id`),
  KEY `test_sections_test_id_62cba13b_fk_tests_id` (`test_id`),
  CONSTRAINT `test_sections_test_id_62cba13b_fk_tests_id` FOREIGN KEY (`test_id`) REFERENCES `tests` (`id`)
) ENGINE=InnoDB AUTO_INCREMENT=55 DEFAULT CHARSET=utf8mb4 COLLATE=utf8mb4_unicode_ci;
/*!40101 SET character_set_client = @saved_cs_client */;

--
-- Dumping data for table `test_sections`
--

LOCK TABLES `test_sections` WRITE;
/*!40000 ALTER TABLE `test_sections` DISABLE KEYS */;
INSERT INTO `test_sections` VALUES (36,'reading','Reading & Grammar','Questions about comprehension and grammar rules.',20,50,1,20),(37,'writing','Writing & Expression (AI Evaluated)','Your text will be evaluated by Artificial Intelligence.',25,50,2,20),(38,'reading','Reading & Grammar','Questions about comprehension and grammar rules.',20,50,1,21),(39,'writing','Writing & Expression (AI Evaluated)','Your text will be evaluated by Artificial Intelligence.',25,50,2,21),(40,'reading','Reading & Grammar','Questions about comprehension and grammar rules.',20,50,1,22),(41,'writing','Writing & Expression (AI Evaluated)','Your text will be evaluated by Artificial Intelligence.',25,50,2,22),(42,'reading','Reading & Grammar','Questions about comprehension and grammar rules.',20,50,1,23),(43,'writing','Writing & Expression (AI Evaluated)','Your text will be evaluated by Artificial Intelligence.',25,50,2,23),(44,'reading','Reading & Grammar','Questions about comprehension and grammar rules.',20,50,1,24),(45,'writing','Writing & Expression (AI Evaluated)','Your text will be evaluated by Artificial Intelligence.',25,50,2,24),(46,'reading','Reading & Grammar','Questions about comprehension and grammar rules.',20,50,1,25),(47,'writing','Writing & Expression (AI Evaluated)','Your text will be evaluated by Artificial Intelligence.',25,50,2,25),(48,'reading','? Section 1: Reading Comprehension','Reading Text:\r\n\r\nTom is a student. Every morning he wakes up at 7 o\'clock, eats breakfast, and goes to school by bus. Right now, it is Monday and Tom is sitting in his classroom. He is listening to the teacher and writing notes in his notebook. Last Friday, he visited his grandmother. They cooked dinner together and watched a film in the evening. Tom loves spending time with his family.',10,20,1,26),(49,'reading','General Knowledge','Read carefully and select the best answer.',30,100,1,27),(50,'reading','General Knowledge','Read carefully and select the best answer.',30,100,1,28),(51,'reading','General Knowledge','Read carefully and select the best answer.',30,100,1,29),(52,'reading','General Knowledge','Read carefully and select the best answer.',30,100,1,30),(53,'reading','General Knowledge','Read carefully and select the best answer.',30,100,1,31),(54,'reading','General Knowledge','Read carefully and select the best answer.',30,100,1,32);
/*!40000 ALTER TABLE `test_sections` ENABLE KEYS */;
UNLOCK TABLES;

--
-- Table structure for table `test_types`
--

DROP TABLE IF EXISTS `test_types`;
/*!40101 SET @saved_cs_client     = @@character_set_client */;
/*!50503 SET character_set_client = utf8mb4 */;
CREATE TABLE `test_types` (
  `id` bigint NOT NULL AUTO_INCREMENT,
  `name` varchar(100) COLLATE utf8mb4_unicode_ci NOT NULL,
  `code` varchar(20) COLLATE utf8mb4_unicode_ci NOT NULL,
  `description` longtext COLLATE utf8mb4_unicode_ci NOT NULL,
  `duration_minutes` int NOT NULL,
  `total_score` int NOT NULL,
  PRIMARY KEY (`id`),
  UNIQUE KEY `code` (`code`)
) ENGINE=InnoDB AUTO_INCREMENT=11 DEFAULT CHARSET=utf8mb4 COLLATE=utf8mb4_unicode_ci;
/*!40101 SET character_set_client = @saved_cs_client */;

--
-- Dumping data for table `test_types`
--

LOCK TABLES `test_types` WRITE;
/*!40000 ALTER TABLE `test_types` DISABLE KEYS */;
INSERT INTO `test_types` VALUES (8,'Загальний мовний іспит','GENERAL','Оцінює загальні навички читання, граматики та письма.',45,100),(9,'Спеціалізований тест','SPECIAL','Поглиблена перевірка конкретних навичок.',60,100),(10,'Тест рівня (Proficiency)','proficiency','Стандартний тест визначення рівня знань',60,100);
/*!40000 ALTER TABLE `test_types` ENABLE KEYS */;
UNLOCK TABLES;

--
-- Table structure for table `tests`
--

DROP TABLE IF EXISTS `tests`;
/*!40101 SET @saved_cs_client     = @@character_set_client */;
/*!50503 SET character_set_client = utf8mb4 */;
CREATE TABLE `tests` (
  `id` bigint NOT NULL AUTO_INCREMENT,
  `language` varchar(10) COLLATE utf8mb4_unicode_ci NOT NULL,
  `level` varchar(20) COLLATE utf8mb4_unicode_ci NOT NULL,
  `title` varchar(200) COLLATE utf8mb4_unicode_ci NOT NULL,
  `description` longtext COLLATE utf8mb4_unicode_ci NOT NULL,
  `is_active` tinyint(1) NOT NULL,
  `created_at` datetime(6) NOT NULL,
  `test_type_id` bigint NOT NULL,
  `image` varchar(100) COLLATE utf8mb4_unicode_ci DEFAULT NULL,
  PRIMARY KEY (`id`),
  KEY `tests_test_type_id_5d8547ec_fk_test_types_id` (`test_type_id`),
  CONSTRAINT `tests_test_type_id_5d8547ec_fk_test_types_id` FOREIGN KEY (`test_type_id`) REFERENCES `test_types` (`id`)
) ENGINE=InnoDB AUTO_INCREMENT=33 DEFAULT CHARSET=utf8mb4 COLLATE=utf8mb4_unicode_ci;
/*!40101 SET character_set_client = @saved_cs_client */;

--
-- Dumping data for table `tests`
--

LOCK TABLES `tests` WRITE;
/*!40000 ALTER TABLE `tests` DISABLE KEYS */;
INSERT INTO `tests` VALUES (20,'en','beginner','English Proficiency: A1 Beginner','Базовий тест для початківців: числа, кольори, прості привітання.',1,'2026-03-04 11:24:59.629055',8,'tests/flag-of-great-britain.jpg'),(21,'en','intermediate','English Proficiency: B1 Intermediate','Тест середнього рівня: часи дієслів, модальні дієслова, логіка тексту.',1,'2026-03-04 11:24:59.640406',8,'tests/1000_F_135613354_mBHFo7PIVm6hu7iMHy8IoE0WuCRcoe1Q.jpg'),(22,'en','advanced','English Proficiency: C1 Advanced','Просунутий рівень: ідіоми, академічна лексика, глибокий аналіз.',1,'2026-03-04 11:24:59.651321',8,'tests/thumb_12038_gallery_prev_gallery.jpeg'),(23,'de','beginner','Deutsch Einstufungstest (A1)','Тест для знайомства з німецькою мовою.',1,'2026-03-04 11:24:59.660624',8,'tests/germany.jpg'),(24,'fr','intermediate','Français Niveau Intermédiaire (B1)','Перевірка знань французької мови середнього рівня.',1,'2026-03-04 11:24:59.671089',8,'tests/1679703351_w640_h320_flag-frantsii.jpeg'),(25,'es','elementary','Español Elemental (A2)','Базовий тест з іспанської мови (рівень А2).',1,'2026-03-04 11:24:59.681159',8,'tests/flag-of-spain.jpg'),(26,'en','elementary','English Tenses','An A2-level English grammar test focused on the correct use of Present Simple, Past Simple, and Present Continuous tenses.',1,'2026-03-20 10:10:03.418622',8,'tests/tenses-formula.jpg'),(27,'en','advanced','The Ultimate English Idioms Challenge','Are you native-level? Prove it. Test your knowledge of the most bizarre and tricky English idioms used by native speakers daily.',1,'2026-03-26 11:36:16.763061',10,''),(28,'es','intermediate','Prueba de Gramática Española: Tiempos','Can you distinguish between Preterite and Imperfect perfectly? Test your Spanish past tenses mastery here.',1,'2026-03-26 11:36:16.770906',10,''),(29,'de','elementary','Deutsches Hörverstehen: Alltag','Test your everyday German listening and comprehension skills with practical real-life scenarios and dialogues.',1,'2026-03-26 11:36:16.778069',10,''),(30,'it','beginner','Italiano per Principianti: I Colori','The essential basics: test your knowledge of Italian colors, numbers, simple greetings, and the present tense.',1,'2026-03-26 11:36:16.785188',10,''),(31,'fr','upper_intermediate','French Gastronomy Quiz','Test your French culinary vocabulary. Only true food lovers will get a perfect score!',1,'2026-03-26 11:36:16.795625',10,''),(32,'en','upper_intermediate','Phrasal Verbs Mastery Test','Survive the trickiest phrasal verbs in the English language. \'Put off\', \'take over\', \'break down\' - how well do you know them?',1,'2026-03-26 11:36:16.805954',10,'');
/*!40000 ALTER TABLE `tests` ENABLE KEYS */;
UNLOCK TABLES;

--
-- Table structure for table `user_badges`
--

DROP TABLE IF EXISTS `user_badges`;
/*!40101 SET @saved_cs_client     = @@character_set_client */;
/*!50503 SET character_set_client = utf8mb4 */;
CREATE TABLE `user_badges` (
  `id` bigint NOT NULL AUTO_INCREMENT,
  `earned_at` datetime(6) NOT NULL,
  `badge_id` bigint NOT NULL,
  `user_id` bigint NOT NULL,
  PRIMARY KEY (`id`),
  UNIQUE KEY `user_badges_user_id_badge_id_b1decdec_uniq` (`user_id`,`badge_id`),
  KEY `user_badges_badge_id_80400ca4_fk_badges_id` (`badge_id`),
  CONSTRAINT `user_badges_badge_id_80400ca4_fk_badges_id` FOREIGN KEY (`badge_id`) REFERENCES `badges` (`id`),
  CONSTRAINT `user_badges_user_id_64e8df2e_fk_users_id` FOREIGN KEY (`user_id`) REFERENCES `users` (`id`)
) ENGINE=InnoDB AUTO_INCREMENT=12 DEFAULT CHARSET=utf8mb4 COLLATE=utf8mb4_unicode_ci;
/*!40101 SET character_set_client = @saved_cs_client */;

--
-- Dumping data for table `user_badges`
--

LOCK TABLES `user_badges` WRITE;
/*!40000 ALTER TABLE `user_badges` DISABLE KEYS */;
INSERT INTO `user_badges` VALUES (2,'2026-03-13 06:45:18.857992',5,4),(5,'2026-03-18 10:36:49.123232',5,10),(7,'2026-03-20 10:32:53.740139',5,11),(8,'2026-03-20 11:14:52.682188',6,4),(10,'2026-03-26 08:30:08.031351',5,12),(11,'2026-03-29 10:04:33.142216',5,6);
/*!40000 ALTER TABLE `user_badges` ENABLE KEYS */;
UNLOCK TABLES;

--
-- Table structure for table `user_course_progress`
--

DROP TABLE IF EXISTS `user_course_progress`;
/*!40101 SET @saved_cs_client     = @@character_set_client */;
/*!50503 SET character_set_client = utf8mb4 */;
CREATE TABLE `user_course_progress` (
  `id` bigint NOT NULL AUTO_INCREMENT,
  `is_completed` tinyint(1) NOT NULL,
  `test_score` int NOT NULL,
  `test_passed` tinyint(1) NOT NULL,
  `completed_at` datetime(6) DEFAULT NULL,
  `started_at` datetime(6) NOT NULL,
  `course_id` bigint NOT NULL,
  `user_id` bigint NOT NULL,
  PRIMARY KEY (`id`),
  UNIQUE KEY `user_course_progress_user_id_course_id_66fd996b_uniq` (`user_id`,`course_id`),
  KEY `user_course_progress_course_id_1ef9b1b3_fk_courses_id` (`course_id`),
  CONSTRAINT `user_course_progress_course_id_1ef9b1b3_fk_courses_id` FOREIGN KEY (`course_id`) REFERENCES `courses` (`id`),
  CONSTRAINT `user_course_progress_user_id_2fadfe47_fk_users_id` FOREIGN KEY (`user_id`) REFERENCES `users` (`id`)
) ENGINE=InnoDB AUTO_INCREMENT=11 DEFAULT CHARSET=utf8mb4 COLLATE=utf8mb4_unicode_ci;
/*!40101 SET character_set_client = @saved_cs_client */;

--
-- Dumping data for table `user_course_progress`
--

LOCK TABLES `user_course_progress` WRITE;
/*!40000 ALTER TABLE `user_course_progress` DISABLE KEYS */;
INSERT INTO `user_course_progress` VALUES (1,1,0,0,'2026-03-01 18:56:17.758884','2026-03-01 18:56:17.753734',18,7),(2,1,0,0,'2026-03-01 19:39:22.663279','2026-03-01 19:39:22.659745',8,7),(3,1,0,0,'2026-03-13 07:02:01.861456','2026-03-13 07:02:01.858372',8,4),(4,1,0,0,'2026-03-18 07:30:10.880910','2026-03-18 07:30:10.879041',20,4),(5,1,0,0,'2026-03-18 10:11:04.500328','2026-03-18 10:11:04.497366',8,10),(6,1,0,0,'2026-03-18 10:43:36.677008','2026-03-18 10:43:36.674524',9,10),(7,1,0,0,'2026-03-20 11:15:23.131948','2026-03-20 11:15:23.128613',10,4),(8,1,0,0,'2026-03-26 08:30:08.047413','2026-03-26 08:30:08.045409',8,12),(9,1,20,0,'2026-03-29 09:50:08.987222','2026-03-29 09:50:08.982036',6,4),(10,1,0,0,'2026-03-29 10:04:41.539362','2026-03-29 10:04:41.537208',6,6);
/*!40000 ALTER TABLE `user_course_progress` ENABLE KEYS */;
UNLOCK TABLES;

--
-- Table structure for table `user_exercise_attempts`
--

DROP TABLE IF EXISTS `user_exercise_attempts`;
/*!40101 SET @saved_cs_client     = @@character_set_client */;
/*!50503 SET character_set_client = utf8mb4 */;
CREATE TABLE `user_exercise_attempts` (
  `id` bigint NOT NULL AUTO_INCREMENT,
  `user_answer` longtext COLLATE utf8mb4_unicode_ci NOT NULL,
  `is_correct` tinyint(1) NOT NULL,
  `ai_feedback` longtext COLLATE utf8mb4_unicode_ci,
  `points_earned` int NOT NULL,
  `attempted_at` datetime(6) NOT NULL,
  `exercise_id` bigint NOT NULL,
  `user_id` bigint NOT NULL,
  PRIMARY KEY (`id`),
  KEY `user_exercise_attempts_exercise_id_57bfa448_fk_exercises_id` (`exercise_id`),
  KEY `user_exercise_attempts_user_id_ef0c5f80_fk_users_id` (`user_id`),
  CONSTRAINT `user_exercise_attempts_exercise_id_57bfa448_fk_exercises_id` FOREIGN KEY (`exercise_id`) REFERENCES `exercises` (`id`),
  CONSTRAINT `user_exercise_attempts_user_id_ef0c5f80_fk_users_id` FOREIGN KEY (`user_id`) REFERENCES `users` (`id`)
) ENGINE=InnoDB AUTO_INCREMENT=266 DEFAULT CHARSET=utf8mb4 COLLATE=utf8mb4_unicode_ci;
/*!40101 SET character_set_client = @saved_cs_client */;

--
-- Dumping data for table `user_exercise_attempts`
--

LOCK TABLES `user_exercise_attempts` WRITE;
/*!40000 ALTER TABLE `user_exercise_attempts` DISABLE KEYS */;
INSERT INTO `user_exercise_attempts` VALUES (24,'B) Where is the restroom?',1,'Вітаю! Ти правильно відповів на це питання. Дуже добре! Запитання про розташування туалету в аеропорту — це важливий момент, і фраза \"Where is the restroom?\" є дуже корисною для подорожуючих. Продовжуй вчитися так само успішно!',10,'2026-02-26 08:20:11.216115',200,5),(25,'Where is the baggage claim area?',1,'Чудово, ти правильно відповів на питання! Так тримати! Це важливо знати, коли перебуваєш в аеропорту. Якщо будеш подорожувати, ця фраза тобі дуже знадобиться.',10,'2026-02-26 08:20:33.765090',201,5),(26,'\"Where is the baggage claim?\" or \"Where can I find the baggage claim area?\"',0,'Добре зроблено! Твої відповіді вірні і відповідають запитанню. Можливо, для більшої ввічливості можна було б додати \"Excuse me\" перед запитанням. Продовжуй вчитися активно!',0,'2026-02-26 08:20:46.804186',202,5),(27,'\"Where is the baggage claim?',0,'Дуже добре! Твоя відповідь була вірною. Ти правильно сформулював запитання про місце забору багажу. Продовжуй вчитися так само уважно!',0,'2026-02-26 08:20:59.954552',202,5),(28,'Exuse me, where is the baggage claim?',0,'Дуже гарно! Ти майже правильно відповів. Потрібно було написати \"Excuse\" замість \"Exuse\". Продовжуй вчитися, ти робиш великі кроки у вивченні англійської мови!',0,'2026-02-26 08:21:30.992762',202,5),(29,'\"Excuse me, which way to baggage claim?\"',0,'Привіт! Твоя відповідь близька до правильної, але краще використовувати \"where\" замість \"which way\". Таким чином, твоє запитання буде звучати як \"Excuse me, where is the baggage claim area?\" Продовжуй вчитися!',0,'2026-02-26 08:21:50.143866',203,5),(30,'\"Excuse me, where to baggage claim?\"',0,'Ти майже правильно сформулював запитання. Потрібно сказати: \"Excuse me, where is the baggage claim area?\" У тебе була невелика помилка у вживанні \"to\" замість \"is\". Продовжуй вчитися, ти робиш успішні кроки!',0,'2026-02-26 08:22:08.925709',203,5),(31,'\"Excuse me, where is baggage claim?\"',0,'Відмінно, ти вже дуже близько до правильної відповіді! У твоїй відповіді пропущено слово \"the\". Правильно було б сказати: \"Excuse me, where is the baggage claim area?\" Продовжуй вчитися, ти робиш великий прогрес!',0,'2026-02-26 08:22:16.350608',203,5),(32,'\"Excuse me, where is baggage claim?\"',0,'Дуже добре! Твоя відповідь майже правильна. Просто треба додати слово \"the\" перед \"baggage claim\" для повноти речення. Таким чином, правильно буде запитати: \"Excuse me, where is the baggage claim area?\" Тримайся!',0,'2026-02-26 08:22:27.213730',203,5),(33,'Excuse me, where is the baggage claim area?',1,'Відмінна робота! Ти правильно сформулював запитання про місце розміщення багажу в аеропорту. Так тримати! Це корисне вираз для подорожуючих.',15,'2026-02-26 08:22:39.017240',203,5),(34,'had had',1,'Вітаю! Ти правильно вибрав відповідь \"had had\". Добре зрозуміти та використовувати складні форми в англійській мові. Продовжуй вчитися так само успішно!',10,'2026-02-26 09:57:55.493688',188,5),(35,'would have been',1,'Відмінна робота! Ти правильно відповів на запитання. Тримайся так далі!',10,'2026-02-26 09:58:19.067132',189,5),(36,'First Conditional',0,'Привіт! Твоя відповідь була майже правильною, але в даному випадку потрібно використовувати другий умовний спосіб для вираження турботи про погоду у майбутньому. Наступного разу звертай увагу на часові рамки умовних речень. Тримайся!',0,'2026-02-26 09:58:51.981077',190,5),(37,'First Conditional',0,'Ти майже правий! Потрібно було використати другий умовний спосіб, а не перший. Це допомагає виразити турботу про погоду на тропічному острові у майбутньому. В наступний раз обов\'язково звертай увагу на часові рамки та умови умовних речень. Тримайся!',0,'2026-02-26 09:59:02.905106',190,5),(38,'Second Conditional',1,'Відмінно, ти правильно визначив, що для вираження турботи про погоду під час відпустки використовується другий умовний спосіб. Добре зрозуміло і точно відповів на питання. Так тримати!',15,'2026-02-26 09:59:11.802294',190,5),(39,'If it rained, we would go home',0,'Ти відповів не зовсім точно на запитання. У твоїй відповіді відсутня інформація про можливі дії щодо пікніка в разі дощу. Правильна відповідь містить конкретний план дій у випадку дощу під час пікніка. Спробуй уточнити, яким чином ви будете реагувати на дощ, щоб пікнік все одно пройшов успішно. Тримайся!',0,'2026-02-26 10:00:06.995726',191,5),(40,'If it rains during the picnic, we will have to move it indoors.',0,'Ти відповів правильно! Твоя відповідь добре передає ідею про те, що якщо піде дощ, ми зможемо перенести пікнік у приміщення. Молодець!',0,'2026-02-26 10:00:57.713688',191,5),(41,'If it rains during the picnic, we will have to move it indoors.',0,'Дуже добре, ти відповів правильно на запитання. Твоя відповідь відповідає правильній, просто використовуєш трохи більш жорсткий тон. Можна було б додати трошки більше ввічливості, наприклад, \"If it rains during the picnic, we could consider moving it indoors.\" Продовжуй удосконалювати свої навички!',0,'2026-02-26 10:07:06.401656',191,5),(42,'If it rains during the picnic, we could consider moving it indoors',0,'Добре спробував! Твоя відповідь майже правильна, але в англійській мові вживають \"can\" замість \"could\" для вираження можливості. Так що правильно було б сказати: \"If it rains during the picnic, we can consider moving it indoors.\" Продовжуй вчитися!',0,'2026-02-26 10:07:21.103410',191,5),(43,'If it rains during the picnic, we can consider moving it indoors.',0,'Дуже гарно! Твоя відповідь майже ідентична правильній. Просто замість \"we can consider moving it indoors\" можна сказати \"we can move it indoors\". Так трохи простіше і зрозуміліше. Тримайся!',0,'2026-02-26 10:07:40.338602',191,5),(44,'If it rains during the picnic, we can move it indoors',0,'Добре зроблено! Твоя відповідь ідентична правильній. Ти вдало відповів на запитання та показав гарне розуміння ситуації. Продовжуй у тому ж дусі!',0,'2026-02-26 10:08:00.014533',191,5),(45,'If it rains during the picnic, we can move it indoors',1,'\nДобре, ти правильно відповів на запитання. Ти висловив ідею, що якщо піде дощ під час пікніка, ви зможете перенести його у приміщення. Раджу у майбутньому уникати повторень слів у фразі, наприклад, \"move it indoors\". Також можна було б додати додаткові варіанти дій у разі дощу',15,'2026-02-26 10:14:47.749484',191,5),(46,'Clarity and conciseness',1,NULL,10,'2026-02-28 17:42:20.303164',180,7),(47,'12',0,NULL,0,'2026-02-28 17:42:27.986014',181,7),(48,'Знижка',0,NULL,0,'2026-03-01 18:56:04.376105',231,7),(49,'Пакет',0,NULL,0,'2026-03-01 18:56:10.772513',231,7),(50,'Гроші',0,NULL,0,'2026-03-01 18:56:12.828000',231,7),(51,'Чек',1,NULL,10,'2026-03-01 18:56:14.569167',231,7),(52,'Könnten wir bitte die Rechnung bekommen?',0,NULL,0,'2026-03-01 19:39:10.315159',196,7),(53,'Haben Sie vegetative Speisen?',0,NULL,0,'2026-03-01 19:39:12.542082',196,7),(54,'Welches Gericht empfehlen Sie?',0,NULL,0,'2026-03-01 19:39:16.188336',196,7),(55,'Haben Sie vegetarische Gerichte?',1,NULL,10,'2026-03-01 19:39:17.511904',196,7),(56,'I guess you forgot to reply.',0,NULL,0,'2026-03-01 19:42:08.340671',181,7),(57,'Hey, what\'s up?',0,NULL,0,'2026-03-01 19:42:10.861470',181,7),(58,'Thank you for your prompt response.',1,NULL,10,'2026-03-01 19:42:12.726268',181,7),(59,'Clarity and conciseness',1,NULL,10,'2026-03-13 06:44:52.121958',180,4),(60,'LOL, that was funny!',0,NULL,0,'2026-03-13 06:44:54.176419',181,4),(61,'Thank you for your prompt response.',1,NULL,10,'2026-03-13 06:44:57.241423',181,4),(62,'використання неформального сленгу',0,NULL,0,'2026-03-13 06:45:01.359891',182,4),(63,'використання складних мовних зворотів',0,NULL,0,'2026-03-13 06:45:02.793347',182,4),(64,'включення жартів',0,NULL,0,'2026-03-13 06:45:05.710117',182,4),(65,'включення привітання, вступу, тіла листа та висновку',1,NULL,15,'2026-03-13 06:45:06.903361',182,4),(66,'Формат листа',0,NULL,0,'2026-03-13 06:45:12.297928',183,4),(67,'Тон листа',0,NULL,0,'2026-03-13 06:45:15.219532',183,4),(68,'Ясність та конкретика',0,NULL,0,'2026-03-13 06:45:16.382767',183,4),(69,'Використання графічних елементів у бізнес-листах',1,NULL,15,'2026-03-13 06:45:17.935323',183,4),(70,'Ich treffe mich mit einem potenziellen Geschäftspartner.',0,NULL,0,'2026-03-13 06:46:57.420187',204,4),(71,'Die Verhandlungen waren lang, aber erfolgreich.',0,NULL,0,'2026-03-13 06:46:59.142574',204,4),(72,'Das steht noch nicht fest, aber wir sind auf einem guten Weg.',1,NULL,10,'2026-03-13 06:47:00.286194',204,4),(73,'Die Zielsetzung für dieses Quartal ist ambitioniert.',0,NULL,0,'2026-03-13 06:47:05.136958',205,4),(74,'Lass uns das Geschäftlich bei einem Kaffee besprechen.',0,NULL,0,'2026-03-13 06:47:06.651854',205,4),(75,'Das steht noch nicht fest, aber wir sind auf einem guten Weg.',1,NULL,10,'2026-03-13 06:47:07.916520',205,4),(76,'der Mitarbeiter',0,NULL,0,'2026-03-13 06:47:09.411167',206,4),(77,'der Geschäftspartner',1,NULL,15,'2026-03-13 06:47:10.554317',206,4),(78,'der Vertrag',0,NULL,0,'2026-03-13 06:47:13.605289',207,4),(79,'die Verhandlung',0,NULL,0,'2026-03-13 06:47:15.244898',207,4),(80,'der Geschäftspartner',0,NULL,0,'2026-03-13 06:47:16.278954',207,4),(81,'die Zielsetzung',1,NULL,15,'2026-03-13 06:47:17.456904',207,4),(82,'Könnten wir bitte die Rechnung bekommen?',0,NULL,0,'2026-03-13 07:01:47.748452',196,4),(83,'Haben Sie vegetarische Gerichte?',1,NULL,10,'2026-03-13 07:01:49.204433',196,4),(84,'Könnten wir bitte die Rechnung bekommen?',1,NULL,10,'2026-03-13 07:01:51.421056',197,4),(85,'Könnten wir bitte die Rechnung bekommen?',0,NULL,0,'2026-03-13 07:01:54.000044',198,4),(86,'Ich möchte bezahlen.',0,NULL,0,'2026-03-13 07:01:55.689976',198,4),(87,'Haben Sie eine Tischreservierung?',0,NULL,0,'2026-03-13 07:01:57.028637',198,4),(88,'Könnte ich bitte die Speisekarte sehen?',1,NULL,15,'2026-03-13 07:01:58.091362',198,4),(89,'Haben Sie vegetarische Gerichte?',0,NULL,0,'2026-03-13 07:02:00.045034',199,4),(90,'Ich habe Allergien. Ist in diesem Gericht Nüsse?',1,NULL,15,'2026-03-13 07:02:01.286323',199,4),(91,'Can you recommend a good place to eat around here?',0,NULL,0,'2026-03-16 07:08:49.400260',200,4),(92,'Could you take a picture of us, please?',0,NULL,0,'2026-03-16 07:08:51.529112',200,4),(93,'I\'m a bit lost, can you help me find the museum?',0,NULL,0,'2026-03-16 07:08:54.378072',200,4),(94,'Is there a budget hotel nearby?',1,NULL,10,'2026-03-16 07:08:55.567454',200,4),(95,'What do you want to eat tonight?',1,NULL,10,'2026-03-16 07:09:20.165776',201,4),(96,'Can you recommend a good place to eat around here?',0,NULL,0,'2026-03-16 07:09:32.750320',202,4),(97,'Is there a budget restaurant nearby?',1,NULL,15,'2026-03-16 07:09:34.464377',202,4),(98,'Können Sie mir das Angebot bis zum Ende der Woche zusenden?',0,NULL,0,'2026-03-16 07:23:02.047967',224,4),(99,'Wir müssen unsere Strategie überdenken, um den Marktanteil zu erhöhen.',1,NULL,10,'2026-03-16 07:23:04.084865',224,4),(100,'Angebot',0,NULL,0,'2026-03-16 07:23:05.808027',225,4),(101,'Market',0,NULL,0,'2026-03-16 07:23:06.867259',225,4),(102,'Strategie',1,NULL,10,'2026-03-16 07:23:08.088225',225,4),(103,'We need to increase our sales volume.',0,NULL,0,'2026-03-16 07:23:09.983718',226,4),(104,'We need to set a date for the meeting.',0,NULL,0,'2026-03-16 07:23:11.354156',226,4),(105,'We need to rethink our strategy to increase market share.',1,NULL,15,'2026-03-16 07:23:13.200351',226,4),(106,'Verkaufszahlen',1,NULL,15,'2026-03-16 07:23:15.344698',227,4),(107,'Hola',0,NULL,0,'2026-03-18 07:28:13.569658',212,4),(108,'Gracias',1,NULL,10,'2026-03-18 07:28:16.950661',212,4),(109,'Un budget',1,NULL,10,'2026-03-18 07:30:09.022203',234,4),(110,'Haben Sie vegetative Speisen?',0,NULL,0,'2026-03-18 10:10:46.476120',196,10),(111,'Könnten wir bitte die Rechnung bekommen?',0,NULL,0,'2026-03-18 10:10:48.801004',196,10),(112,'Haben Sie vegetarische Gerichte?',1,NULL,10,'2026-03-18 10:10:49.986569',196,10),(113,'Könnte ich bitte die Speisekarte sehen?',0,NULL,0,'2026-03-18 10:10:57.052640',197,10),(114,'Könnten wir bitte die Rechnung bekommen?',1,NULL,10,'2026-03-18 10:10:58.370498',197,10),(115,'Haben Sie eine Tischreservierung?',0,NULL,0,'2026-03-18 10:11:00.175034',198,10),(116,'Haben Sie eine Tischreservierung?',0,NULL,0,'2026-03-18 10:11:01.283319',198,10),(117,'Könnten wir bitte die Rechnung bekommen?',0,NULL,0,'2026-03-18 10:11:02.570348',198,10),(118,'I\'m a bit lost, can you help me find the museum?',0,NULL,0,'2026-03-18 10:30:05.282704',200,10),(119,'Can you recommend a good place to eat around here?',0,NULL,0,'2026-03-18 10:30:06.749836',200,10),(120,'Could you take a picture of us, please?',0,NULL,0,'2026-03-18 10:30:08.140255',200,10),(121,'Is there a budget hotel nearby?',1,NULL,10,'2026-03-18 10:30:09.476083',200,10),(122,'Can you help me find the museum?',0,NULL,0,'2026-03-18 10:30:17.256873',201,10),(123,'Is there a budget hotel nearby?',0,NULL,0,'2026-03-18 10:30:20.637751',201,10),(124,'Is there a budget hotel nearby?',0,NULL,0,'2026-03-18 10:30:24.830701',201,10),(125,'Can you help me find the museum?',0,NULL,0,'2026-03-18 10:30:27.280333',201,10),(126,'Can you help me find the museum?',0,NULL,0,'2026-03-18 10:30:28.118098',201,10),(127,'Can you help me find the museum?',0,NULL,0,'2026-03-18 10:30:29.005246',201,10),(128,'Can you help me find the museum?',0,NULL,0,'2026-03-18 10:30:29.937186',201,10),(129,'Can you help me find the museum?',0,NULL,0,'2026-03-18 10:30:30.679452',201,10),(130,'Can you help me find the museum?',0,NULL,0,'2026-03-18 10:30:31.364002',201,10),(131,'Can you help me find the museum?',0,NULL,0,'2026-03-18 10:30:32.056945',201,10),(132,'Can you help me find the museum?',0,NULL,0,'2026-03-18 10:30:33.078930',201,10),(133,'Can you help me find the museum?',0,NULL,0,'2026-03-18 10:30:34.435219',201,10),(134,'Can you help me find the museum?',0,NULL,0,'2026-03-18 10:30:35.281249',201,10),(135,'Can you help me find the museum?',0,NULL,0,'2026-03-18 10:30:39.288437',201,10),(136,'Can you help me find the museum?',0,NULL,0,'2026-03-18 10:30:39.798841',201,10),(137,'Can you help me find the museum?',0,NULL,0,'2026-03-18 10:30:40.430412',201,10),(138,'Can you help me find the museum?',0,NULL,0,'2026-03-18 10:30:41.085276',201,10),(139,'Can you help me find the museum?',0,NULL,0,'2026-03-18 10:30:42.323170',201,10),(140,'Can you help me find the museum?',0,NULL,0,'2026-03-18 10:30:42.849990',201,10),(141,'Can you help me find the museum?',0,NULL,0,'2026-03-18 10:30:43.432491',201,10),(142,'Can you help me find the museum?',0,NULL,0,'2026-03-18 10:30:44.520463',201,10),(143,'Can you help me find the museum?',0,NULL,0,'2026-03-18 10:30:45.372216',201,10),(144,'Can you help me find the museum?',0,NULL,0,'2026-03-18 10:30:46.520480',201,10),(145,'Can you help me find the museum?',0,NULL,0,'2026-03-18 10:30:47.020099',201,10),(146,'Can you help me find the museum?',0,NULL,0,'2026-03-18 10:30:48.121979',201,10),(147,'Can you help me find the museum?',0,NULL,0,'2026-03-18 10:30:48.863338',201,10),(148,'Can you help me find the museum?',0,NULL,0,'2026-03-18 10:30:51.596797',201,10),(149,'Can you help me find the museum?',0,NULL,0,'2026-03-18 10:30:52.208994',201,10),(150,'Can you help me find the museum?',0,NULL,0,'2026-03-18 10:30:53.014942',201,10),(151,'Can you help me find the museum?',0,NULL,0,'2026-03-18 10:30:53.507185',201,10),(152,'Can you help me find the museum?',0,NULL,0,'2026-03-18 10:30:54.448093',201,10),(153,'Can you help me find the museum?',0,NULL,0,'2026-03-18 10:30:54.936932',201,10),(154,'Can you help me find the museum?',0,NULL,0,'2026-03-18 10:30:56.204278',201,10),(155,'Can you help me find the museum?',0,NULL,0,'2026-03-18 10:30:56.995860',201,10),(156,'Can you help me find the museum?',0,NULL,0,'2026-03-18 10:30:57.632431',201,10),(157,'Can you help me find the museum?',0,NULL,0,'2026-03-18 10:30:58.149733',201,10),(158,'Can you help me find the museum?',0,NULL,0,'2026-03-18 10:30:58.785749',201,10),(159,'Can you help me find the museum?',0,NULL,0,'2026-03-18 10:30:59.490151',201,10),(160,'Can you help me find the museum?',0,NULL,0,'2026-03-18 10:31:03.700536',201,10),(161,'What do you want to eat tonight?',1,NULL,10,'2026-03-18 10:35:00.617518',201,10),(162,'I\'m a bit lost, can you help me find the museum?',0,NULL,0,'2026-03-18 10:35:03.970928',202,10),(163,'Can you recommend a good place to eat around here?',0,NULL,0,'2026-03-18 10:35:05.165465',202,10),(164,'Is there a budget restaurant nearby?',1,NULL,15,'2026-03-18 10:35:06.750599',202,10),(165,'\"Could you help me with my luggage?\"',1,NULL,10,'2026-03-18 10:37:20.031239',220,10),(166,'Luggage tag',0,NULL,0,'2026-03-18 10:37:35.437711',222,10),(167,'Passport',0,NULL,0,'2026-03-18 10:37:37.102452',222,10),(168,'Boarding pass',1,NULL,15,'2026-03-18 10:37:39.149107',222,10),(169,'Passport',0,NULL,0,'2026-03-18 10:37:42.210377',223,10),(170,'Check-in confirmation',0,NULL,0,'2026-03-18 10:37:43.340125',223,10),(171,'Boarding pass',1,NULL,15,'2026-03-18 10:37:44.533149',223,10),(172,'\"How many bags can I check in?\"',0,NULL,0,'2026-03-18 10:38:04.449614',23,10),(173,'\"How many bags can I check in?\"',0,NULL,0,'2026-03-18 10:38:05.537914',23,10),(174,'\"How many bags can I check in?\"',0,NULL,0,'2026-03-18 10:38:06.452550',23,10),(175,'\"How many bags can I check in?\"',0,NULL,0,'2026-03-18 10:38:07.476250',23,10),(176,'\"How many bags can I check in?\"',0,NULL,0,'2026-03-18 10:38:08.157847',23,10),(177,'\"How many bags can I check in?\"',0,NULL,0,'2026-03-18 10:39:01.733180',23,10),(178,'\"How many bags can I check in?\"',0,NULL,0,'2026-03-18 10:39:02.540077',23,10),(179,'\"How many bags can I check in?\"',0,NULL,0,'2026-03-18 10:39:03.935309',23,10),(180,'\"How many bags can I check in?\"',0,NULL,0,'2026-03-18 10:39:04.632455',23,10),(181,'\"How many bags can I check in?\"',0,NULL,0,'2026-03-18 10:39:05.475092',23,10),(182,'\"How many bags can I check in?\"',0,NULL,0,'2026-03-18 10:39:06.308875',23,10),(183,'\"How many bags can I check in?\"',0,NULL,0,'2026-03-18 10:40:34.632341',23,10),(184,'\"Is this the right gate for flight UA125 to New York?\"',0,NULL,0,'2026-03-18 10:40:35.927185',23,10),(185,'\"How many bags can I check in?\"',0,NULL,0,'2026-03-18 10:40:37.276415',23,10),(186,'\"How many bags can I check in?\"',0,NULL,0,'2026-03-18 10:40:37.764346',23,10),(187,'\"How many bags can I check in?\"',0,NULL,0,'2026-03-18 10:40:38.110119',23,10),(188,'\"How many bags can I check in?\"',0,NULL,0,'2026-03-18 10:40:38.309140',23,10),(189,'\"How many bags can I check in?\"',0,NULL,0,'2026-03-18 10:40:38.474295',23,10),(190,'\"How many bags can I check in?\"',0,NULL,0,'2026-03-18 10:40:38.658066',23,10),(191,'\"How many bags can I check in?\"',0,NULL,0,'2026-03-18 10:40:38.859011',23,10),(192,'\"How many bags can I check in?\"',0,NULL,0,'2026-03-18 10:40:39.042643',23,10),(193,'\"How many bags can I check in?\"',0,NULL,0,'2026-03-18 10:40:39.205540',23,10),(194,'\"How many bags can I check in?\"',0,NULL,0,'2026-03-18 10:40:39.367361',23,10),(195,'\"Where is the departure lounge?\"',1,NULL,10,'2026-03-18 10:40:40.498415',23,10),(196,'Can I have a window seat, please?',0,NULL,0,'2026-03-18 10:43:20.313570',24,10),(197,'Can I have a window seat, please?',0,NULL,0,'2026-03-18 10:43:24.361056',24,10),(198,'Can I have a window seat, please?',0,NULL,0,'2026-03-18 10:43:25.436875',24,10),(199,'Is this the right gate for flight UA125 to New York?',1,NULL,20,'2026-03-18 10:43:26.752353',24,10),(200,'Can I have a window seat, please?',0,NULL,0,'2026-03-18 10:43:28.808359',128,10),(201,'Can I have a window seat, please?',0,NULL,0,'2026-03-18 10:43:29.820289',128,10),(202,'Can I have a window seat, please?',0,NULL,0,'2026-03-18 10:43:30.255505',128,10),(203,'Where is the departure lounge?',0,NULL,0,'2026-03-18 10:43:31.082366',128,10),(204,'Where is the departure lounge?',0,NULL,0,'2026-03-18 10:43:31.524609',128,10),(205,'Is this the right gate for flight UA125 to New York?',1,NULL,10,'2026-03-18 10:43:33.351486',128,10),(206,'Use of emojis',0,NULL,0,'2026-03-18 11:07:48.407378',180,10),(207,'Clarity and conciseness',1,NULL,10,'2026-03-18 11:07:49.958857',180,10),(208,'Thank you for your prompt response.',1,NULL,10,'2026-03-18 11:07:55.967659',181,10),(209,'включення жартів',0,NULL,0,'2026-03-18 11:08:01.430173',182,10),(210,'використання неформального сленгу',0,NULL,0,'2026-03-18 11:08:07.924220',182,10),(211,'включення привітання, вступу, тіла листа та висновку',1,NULL,15,'2026-03-18 11:08:09.008823',182,10),(212,'Використання графічних елементів у бізнес-листах',1,NULL,15,'2026-03-18 11:08:12.563844',183,10),(213,'Dieses Projekt ist sehr profitabel.',1,NULL,10,'2026-03-20 11:14:26.985005',34,4),(214,'wiederholen',0,NULL,0,'2026-03-20 11:14:41.095246',35,4),(215,'wiederholen',0,NULL,0,'2026-03-20 11:14:43.095052',35,4),(216,'erläutern',0,NULL,0,'2026-03-20 11:14:44.161176',35,4),(217,'überdenken',1,NULL,20,'2026-03-20 11:14:45.115388',35,4),(218,'wiederholen',0,NULL,0,'2026-03-20 11:14:50.705499',116,4),(219,'erläutern',0,NULL,0,'2026-03-20 11:14:51.837055',116,4),(220,'überdenken',1,NULL,10,'2026-03-20 11:14:52.653739',116,4),(221,'Könnten Sie das bitte wiederholen?',0,NULL,0,'2026-03-20 11:15:05.634881',117,4),(222,'Könnten Sie das bitte erläutern?',1,NULL,10,'2026-03-20 11:15:06.631852',117,4),(223,'Meiner Meinung nach ist dieses Projekt sehr profitabel.',0,NULL,0,'2026-03-20 11:15:08.433172',118,4),(224,'Könnten Sie mir bitte die Strategie senden?',0,NULL,0,'2026-03-20 11:15:09.805195',118,4),(225,'Könnten Sie mir bitte das Projekt erläutern?',1,NULL,10,'2026-03-20 11:15:10.882387',118,4),(226,'Wie meinen Sie das?',0,NULL,0,'2026-03-20 11:15:15.118786',119,4),(227,'Könnten Sie das bitte wiederholen?',0,NULL,0,'2026-03-20 11:15:16.334379',119,4),(228,'Könnten Sie das bitte wiederholen?',0,NULL,0,'2026-03-20 11:15:16.893879',119,4),(229,'Könnten Sie mir bitte die letzten Quartalszahlen senden?',0,NULL,0,'2026-03-20 11:15:17.596422',119,4),(230,'Meiner Meinung nach...',1,NULL,20,'2026-03-20 11:15:18.326021',119,4),(231,'Haben Sie vegetative Speisen?',0,NULL,0,'2026-03-26 08:25:59.747618',196,12),(232,'Könnten wir bitte die Rechnung bekommen?',0,NULL,0,'2026-03-26 08:26:01.014457',196,12),(233,'Haben Sie vegetarische Gerichte?',1,NULL,10,'2026-03-26 08:26:02.175826',196,12),(234,'Ich möchte bezahlen.',0,NULL,0,'2026-03-26 08:26:06.286641',198,12),(235,'Ich möchte bezahlen.',0,NULL,0,'2026-03-26 08:26:06.941437',198,12),(236,'Ich möchte bezahlen.',0,NULL,0,'2026-03-26 08:26:07.737609',198,12),(237,'Ich habe Allergien. Ist in diesem Gericht Nüsse?',0,NULL,0,'2026-03-26 08:29:48.639468',197,12),(238,'Ich habe Allergien. Ist in diesem Gericht Nüsse?',0,NULL,0,'2026-03-26 08:29:49.167263',197,12),(239,'Haben Sie ein Dessertmenü?',0,NULL,0,'2026-03-26 08:29:50.131033',197,12),(240,'Könnte ich bitte die Speisekarte sehen?',0,NULL,0,'2026-03-26 08:29:51.433836',197,12),(241,'Könnten wir bitte die Rechnung bekommen?',1,NULL,10,'2026-03-26 08:29:52.219759',197,12),(242,'Ich möchte bezahlen.',0,NULL,0,'2026-03-26 08:29:57.657013',198,12),(243,'Haben Sie eine Tischreservierung?',0,NULL,0,'2026-03-26 08:29:58.912161',198,12),(244,'Könnten wir bitte die Rechnung bekommen?',0,NULL,0,'2026-03-26 08:29:59.700045',198,12),(245,'Könnte ich bitte die Speisekarte sehen?',1,NULL,15,'2026-03-26 08:30:00.745331',198,12),(246,'Ich möchte bezahlen.',0,NULL,0,'2026-03-26 08:30:02.956122',199,12),(247,'Könnte ich bitte die Speisekarte sehen?',0,NULL,0,'2026-03-26 08:30:04.848209',199,12),(248,'Haben Sie vegetarische Gerichte?',0,NULL,0,'2026-03-26 08:30:06.570890',199,12),(249,'Ich habe Allergien. Ist in diesem Gericht Nüsse?',1,NULL,15,'2026-03-26 08:30:07.345336',199,12),(250,'Presenting a highball offer at the start.',0,NULL,0,'2026-03-29 09:49:50.225261',216,4),(251,'Focusing solely on your own objectives.',0,NULL,0,'2026-03-29 09:49:51.492079',216,4),(252,'Using empathy and listening without interruptions.',1,NULL,10,'2026-03-29 09:49:52.734236',216,4),(253,'listen',1,NULL,10,'2026-03-29 09:49:55.465835',217,4),(254,'Highball/Lowball',0,NULL,0,'2026-03-29 09:49:59.755577',218,4),(255,'Win-win',1,NULL,15,'2026-03-29 09:50:02.342431',218,4),(256,'Good cop, bad cop',0,NULL,0,'2026-03-29 09:50:06.661055',219,4),(257,'Win-win',1,NULL,15,'2026-03-29 09:50:07.933028',219,4),(258,'Use of emojis',0,NULL,0,'2026-03-29 10:04:23.412054',180,6),(259,'Clarity and conciseness',1,NULL,10,'2026-03-29 10:04:24.369651',180,6),(260,'Hey, what\'s up?',0,NULL,0,'2026-03-29 10:04:25.604241',181,6),(261,'Thank you for your prompt response.',1,NULL,10,'2026-03-29 10:04:26.535558',181,6),(262,'включення привітання, вступу, тіла листа та висновку',1,NULL,15,'2026-03-29 10:04:28.225974',182,6),(263,'Тон листа',0,NULL,0,'2026-03-29 10:04:30.407769',183,6),(264,'Використання графічних елементів у бізнес-листах',1,NULL,15,'2026-03-29 10:04:31.534229',183,6),(265,'Focusing solely on your own objectives.',0,NULL,0,'2026-03-29 10:04:38.308873',216,6);
/*!40000 ALTER TABLE `user_exercise_attempts` ENABLE KEYS */;
UNLOCK TABLES;

--
-- Table structure for table `user_lesson_progress`
--

DROP TABLE IF EXISTS `user_lesson_progress`;
/*!40101 SET @saved_cs_client     = @@character_set_client */;
/*!50503 SET character_set_client = utf8mb4 */;
CREATE TABLE `user_lesson_progress` (
  `id` bigint NOT NULL AUTO_INCREMENT,
  `is_completed` tinyint(1) NOT NULL,
  `score` int NOT NULL,
  `completed_at` datetime(6) DEFAULT NULL,
  `started_at` datetime(6) NOT NULL,
  `lesson_id` bigint NOT NULL,
  `user_id` bigint NOT NULL,
  PRIMARY KEY (`id`),
  UNIQUE KEY `user_lesson_progress_user_id_lesson_id_ba8c3d10_uniq` (`user_id`,`lesson_id`),
  KEY `user_lesson_progress_lesson_id_7c5ef92b_fk_lessons_id` (`lesson_id`),
  CONSTRAINT `user_lesson_progress_lesson_id_7c5ef92b_fk_lessons_id` FOREIGN KEY (`lesson_id`) REFERENCES `lessons` (`id`),
  CONSTRAINT `user_lesson_progress_user_id_1a0a0695_fk_users_id` FOREIGN KEY (`user_id`) REFERENCES `users` (`id`)
) ENGINE=InnoDB AUTO_INCREMENT=25 DEFAULT CHARSET=utf8mb4 COLLATE=utf8mb4_unicode_ci;
/*!40101 SET character_set_client = @saved_cs_client */;

--
-- Dumping data for table `user_lesson_progress`
--

LOCK TABLES `user_lesson_progress` WRITE;
/*!40000 ALTER TABLE `user_lesson_progress` DISABLE KEYS */;
INSERT INTO `user_lesson_progress` VALUES (1,1,100,'2026-02-13 12:14:49.956878','2026-02-13 12:14:49.951244',7,4),(2,1,100,'2026-02-22 10:29:56.421072','2026-02-22 10:29:56.416007',5,5),(3,1,100,'2026-02-22 10:30:48.579363','2026-02-22 10:30:48.574514',6,5),(4,1,100,'2026-02-23 06:09:43.926608','2026-02-23 06:09:43.911670',8,5),(5,1,70,'2026-02-26 08:22:44.480824','2026-02-26 08:22:44.477659',9,5),(6,1,100,'2026-02-26 10:14:49.560757','2026-02-26 10:14:49.556136',7,5),(7,1,50,'2026-03-01 18:56:17.725842','2026-03-01 18:56:17.710783',34,7),(8,1,20,'2026-03-01 19:39:22.633144','2026-03-01 19:39:22.629043',8,7),(9,1,100,'2026-03-13 06:45:18.840096','2026-03-13 06:45:18.827687',5,4),(10,1,100,'2026-03-13 06:47:18.225058','2026-03-13 06:47:18.215454',12,4),(11,1,100,'2026-03-13 07:02:01.837955','2026-03-13 07:02:01.833160',8,4),(12,1,100,'2026-03-16 07:23:16.192888','2026-03-16 07:23:16.190682',13,4),(13,1,20,'2026-03-18 07:28:25.143378','2026-03-18 07:28:25.140344',18,4),(14,1,50,'2026-03-18 07:30:10.854673','2026-03-18 07:30:10.851204',36,4),(15,1,40,'2026-03-18 10:11:04.468135','2026-03-18 10:11:04.465969',8,10),(16,1,70,'2026-03-18 10:36:49.110348','2026-03-18 10:36:49.107976',9,10),(17,1,80,'2026-03-18 10:37:45.704964','2026-03-18 10:37:45.702692',10,10),(18,1,50,'2026-03-18 10:43:36.645667','2026-03-18 10:43:36.634249',11,10),(19,1,100,'2026-03-18 11:08:13.294296','2026-03-18 11:08:13.279525',5,10),(20,1,100,'2026-03-20 11:15:23.101785','2026-03-20 11:15:23.088654',14,4),(21,1,100,'2026-03-26 08:30:08.014550','2026-03-26 08:30:08.003340',8,12),(22,1,100,'2026-03-29 09:50:08.905829','2026-03-29 09:50:08.901702',6,4),(23,1,100,'2026-03-29 10:04:33.119054','2026-03-29 10:04:33.116547',5,6),(24,1,0,'2026-03-29 10:04:41.507985','2026-03-29 10:04:41.494698',6,6);
/*!40000 ALTER TABLE `user_lesson_progress` ENABLE KEYS */;
UNLOCK TABLES;

--
-- Table structure for table `user_progress`
--

DROP TABLE IF EXISTS `user_progress`;
/*!40101 SET @saved_cs_client     = @@character_set_client */;
/*!50503 SET character_set_client = utf8mb4 */;
CREATE TABLE `user_progress` (
  `id` bigint NOT NULL AUTO_INCREMENT,
  `total_lessons_completed` int NOT NULL,
  `total_exercises_completed` int NOT NULL,
  `current_streak` int NOT NULL,
  `longest_streak` int NOT NULL,
  `total_xp` int NOT NULL,
  `last_activity_date` date DEFAULT NULL,
  `user_id` bigint NOT NULL,
  `daily_goal` int NOT NULL,
  `daily_xp` int NOT NULL,
  PRIMARY KEY (`id`),
  UNIQUE KEY `user_id` (`user_id`),
  CONSTRAINT `user_progress_user_id_016c42a8_fk_users_id` FOREIGN KEY (`user_id`) REFERENCES `users` (`id`)
) ENGINE=InnoDB AUTO_INCREMENT=13 DEFAULT CHARSET=utf8mb4 COLLATE=utf8mb4_unicode_ci;
/*!40101 SET character_set_client = @saved_cs_client */;

--
-- Dumping data for table `user_progress`
--

LOCK TABLES `user_progress` WRITE;
/*!40000 ALTER TABLE `user_progress` DISABLE KEYS */;
INSERT INTO `user_progress` VALUES (1,0,0,0,0,0,NULL,2,50,0),(2,0,0,0,0,0,NULL,1,50,0),(3,0,0,0,0,0,NULL,3,50,0),(4,9,31,1,1,1222,'2026-03-29',4,50,100),(5,5,9,1,2,670,'2026-02-26',5,50,190),(6,2,4,2,2,60,'2026-03-01',7,50,50),(7,0,0,1,1,75,'2026-03-04',8,50,75),(8,0,0,0,0,0,NULL,9,50,0),(9,5,15,1,1,470,'2026-03-18',10,50,470),(10,0,0,1,1,115,'2026-03-20',11,50,115),(11,2,4,1,1,100,'2026-03-29',6,50,100),(12,1,4,1,1,312,'2026-03-26',12,50,312);
/*!40000 ALTER TABLE `user_progress` ENABLE KEYS */;
UNLOCK TABLES;

--
-- Table structure for table `users`
--

DROP TABLE IF EXISTS `users`;
/*!40101 SET @saved_cs_client     = @@character_set_client */;
/*!50503 SET character_set_client = utf8mb4 */;
CREATE TABLE `users` (
  `id` bigint NOT NULL AUTO_INCREMENT,
  `password` varchar(128) COLLATE utf8mb4_unicode_ci NOT NULL,
  `last_login` datetime(6) DEFAULT NULL,
  `is_superuser` tinyint(1) NOT NULL,
  `username` varchar(150) COLLATE utf8mb4_unicode_ci NOT NULL,
  `first_name` varchar(150) COLLATE utf8mb4_unicode_ci NOT NULL,
  `last_name` varchar(150) COLLATE utf8mb4_unicode_ci NOT NULL,
  `email` varchar(254) COLLATE utf8mb4_unicode_ci NOT NULL,
  `is_staff` tinyint(1) NOT NULL,
  `is_active` tinyint(1) NOT NULL,
  `date_joined` datetime(6) NOT NULL,
  `native_language` varchar(10) COLLATE utf8mb4_unicode_ci NOT NULL,
  `learning_language` varchar(10) COLLATE utf8mb4_unicode_ci NOT NULL,
  `level` varchar(20) COLLATE utf8mb4_unicode_ci NOT NULL,
  `avatar` varchar(100) COLLATE utf8mb4_unicode_ci DEFAULT NULL,
  `created_at` datetime(6) NOT NULL,
  `updated_at` datetime(6) NOT NULL,
  PRIMARY KEY (`id`),
  UNIQUE KEY `username` (`username`)
) ENGINE=InnoDB AUTO_INCREMENT=14 DEFAULT CHARSET=utf8mb4 COLLATE=utf8mb4_unicode_ci;
/*!40101 SET character_set_client = @saved_cs_client */;

--
-- Dumping data for table `users`
--

LOCK TABLES `users` WRITE;
/*!40000 ALTER TABLE `users` DISABLE KEYS */;
INSERT INTO `users` VALUES (1,'pbkdf2_sha256$600000$SY7oHi21tnfbJm92AwbOKF$G2sq7vc0ELmMpZydcSilNJtgypcbaq3RKPzhihDYva0=','2026-02-02 15:51:34.291031',1,'admin','','','admin@example.com',1,1,'2026-02-02 15:47:58.344605','uk','en','beginner','','2026-02-02 15:47:58.863101','2026-02-02 15:47:58.863101'),(2,'pbkdf2_sha256$600000$ds3UQZBNK38bdeGogx7ERc$6ZmxFEFGocXiyh8f7rS3MLJo9YanP72e7wi9IoKKX28=','2026-02-02 15:50:57.849853',0,'user11','','','useremail@gmail.com',0,1,'2026-02-02 15:50:57.146041','uk','uk','beginner','','2026-02-02 15:50:57.837838','2026-02-02 15:50:57.837838'),(3,'pbkdf2_sha256$600000$NLFDd3ER2KxzZHpIHQADdh$uvt638UgWf2j3dVzfksEiADmFaeqxrU0PfswihhO+Tg=','2026-02-03 11:19:57.754426',0,'Misha','','','examemail123@gmail.com',0,1,'2026-02-03 11:19:57.449112','uk','en','elementary','avatars/1354208.jpeg','2026-02-03 11:19:57.731043','2026-02-03 11:45:40.534410'),(4,'!6fA0ZbNRcyEhWsPLRmPPOyUhkCARhn3gEtf84pPy','2026-03-29 10:12:14.034176',0,'USER','Михайло','Басараб','myhailobasarab@gmail.com',0,1,'2026-02-04 14:29:37.375404','uk','en','beginner','avatars/logo.png','2026-02-04 14:29:37.394084','2026-03-29 10:13:03.248261'),(5,'pbkdf2_sha256$600000$gi5CZTZARo5dT1Myu0DfdY$Z+s/HSSXgzqn2wYbUsxeH7uqTw9GY7Rbn0MJvmNYYxU=','2026-03-04 12:10:41.293041',1,'Admin1','','','',1,1,'2026-02-06 06:06:49.416134','uk','en','beginner','','2026-02-06 06:06:49.649565','2026-02-06 06:06:49.649565'),(6,'pbkdf2_sha256$600000$Pjet9rvDaEYNADH4HOjYW7$qhIu5mECaRPHcBvUyn4omOg+Uv8pWvZZMYJp00j4iXU=','2026-03-29 10:18:02.242987',0,'Username','','','mishabasarab2008@gmail.com',0,1,'2026-02-27 08:17:42.862265','uk','de','beginner','','2026-02-27 08:17:43.123407','2026-03-29 10:18:59.582360'),(7,'pbkdf2_sha256$600000$GHbnkeYkBJz18h5YWYQo1P$aGrmWfn9TNDMs+OBVlN2JOhHnMxVqv+9l5nGJXPvyD8=','2026-02-28 17:14:19.808074',0,'mishaaaa','','','mishabasarab2008@gmail.com',0,1,'2026-02-27 08:19:18.176844','uk','en','elementary','','2026-02-27 08:19:18.416471','2026-03-02 19:55:44.830954'),(8,'pbkdf2_sha256$600000$A1cymQQio3oMGEJuFpduHA$7jAjkI6Pe4V/ssqWPjeiNcDKXCr77bJHqOplmMIynTU=','2026-03-04 08:39:19.582183',0,'Username000','','','myhailobasarab@gmail.com',0,1,'2026-03-04 08:39:18.908939','uk','en','beginner','','2026-03-04 08:39:19.541022','2026-03-04 08:39:19.541022'),(9,'pbkdf2_sha256$600000$ai8yBAyTCNd9VrZUfdfApx$czZVayX7vEthWQ0pydlDBZ9e5J81iR+0yLwKot8LC6w=','2026-03-11 11:43:24.629027',0,'tester1','','','tester1@example.com',0,1,'2026-03-11 11:43:24.248520','uk','en','beginner','','2026-03-11 11:43:24.607365','2026-03-11 11:43:24.607365'),(10,'pbkdf2_sha256$600000$3wnG5DCFD2A167qh2WLd9H$8W4X7d97v+6VapVtkxRrkTkYJmxofn9xqWfpfnNwYgY=','2026-03-18 10:08:57.684517',0,'User123','','','myhailobasarab@gmail.com',0,1,'2026-03-18 10:08:57.377083','uk','en','beginner','avatars/images.jpg','2026-03-18 10:08:57.677036','2026-03-18 10:21:21.629607'),(11,'pbkdf2_sha256$600000$F5ql8aIwtdXv77T6Hfbi0Q$z6NQABv9f1KGtVJYDsVJ3dzB1DbVWZ0fsEi1aQWd5g4=','2026-03-20 10:05:22.903722',1,'Admin123','','','',1,1,'2026-03-18 12:15:05.085286','uk','en','beginner','','2026-03-18 12:15:05.313191','2026-03-18 12:15:05.313191'),(12,'pbkdf2_sha256$600000$dhxTQESvxdW8LcfNpzGz1m$IEXJWTvua3j9v+J1Tz6dYQC19P0ROGxLp1uI01nS8Pk=','2026-03-26 08:10:51.345761',0,'user1111','','','test111@gmai.com',0,1,'2026-03-26 08:10:51.014194','uk','en','beginner','','2026-03-26 08:10:51.326716','2026-03-26 08:10:51.326716'),(13,'!7WApQr3G6D4HWErwkBDmDF3kpvKiNt3jlbTcyp01','2026-03-29 10:17:09.900936',0,'toxic','ToXiC','','aprotibro@gmail.com',0,1,'2026-03-29 10:17:09.853040','uk','en','beginner','','2026-03-29 10:17:09.873289','2026-03-29 10:17:09.873289');
/*!40000 ALTER TABLE `users` ENABLE KEYS */;
UNLOCK TABLES;

--
-- Table structure for table `users_groups`
--

DROP TABLE IF EXISTS `users_groups`;
/*!40101 SET @saved_cs_client     = @@character_set_client */;
/*!50503 SET character_set_client = utf8mb4 */;
CREATE TABLE `users_groups` (
  `id` bigint NOT NULL AUTO_INCREMENT,
  `customuser_id` bigint NOT NULL,
  `group_id` int NOT NULL,
  PRIMARY KEY (`id`),
  UNIQUE KEY `users_groups_customuser_id_group_id_927de924_uniq` (`customuser_id`,`group_id`),
  KEY `users_groups_group_id_2f3517aa_fk_auth_group_id` (`group_id`),
  CONSTRAINT `users_groups_customuser_id_4bd991a9_fk_users_id` FOREIGN KEY (`customuser_id`) REFERENCES `users` (`id`),
  CONSTRAINT `users_groups_group_id_2f3517aa_fk_auth_group_id` FOREIGN KEY (`group_id`) REFERENCES `auth_group` (`id`)
) ENGINE=InnoDB DEFAULT CHARSET=utf8mb4 COLLATE=utf8mb4_unicode_ci;
/*!40101 SET character_set_client = @saved_cs_client */;

--
-- Dumping data for table `users_groups`
--

LOCK TABLES `users_groups` WRITE;
/*!40000 ALTER TABLE `users_groups` DISABLE KEYS */;
/*!40000 ALTER TABLE `users_groups` ENABLE KEYS */;
UNLOCK TABLES;

--
-- Table structure for table `users_user_permissions`
--

DROP TABLE IF EXISTS `users_user_permissions`;
/*!40101 SET @saved_cs_client     = @@character_set_client */;
/*!50503 SET character_set_client = utf8mb4 */;
CREATE TABLE `users_user_permissions` (
  `id` bigint NOT NULL AUTO_INCREMENT,
  `customuser_id` bigint NOT NULL,
  `permission_id` int NOT NULL,
  PRIMARY KEY (`id`),
  UNIQUE KEY `users_user_permissions_customuser_id_permission_id_2b4e4e39_uniq` (`customuser_id`,`permission_id`),
  KEY `users_user_permissio_permission_id_6d08dcd2_fk_auth_perm` (`permission_id`),
  CONSTRAINT `users_user_permissio_permission_id_6d08dcd2_fk_auth_perm` FOREIGN KEY (`permission_id`) REFERENCES `auth_permission` (`id`),
  CONSTRAINT `users_user_permissions_customuser_id_efdb305c_fk_users_id` FOREIGN KEY (`customuser_id`) REFERENCES `users` (`id`)
) ENGINE=InnoDB DEFAULT CHARSET=utf8mb4 COLLATE=utf8mb4_unicode_ci;
/*!40101 SET character_set_client = @saved_cs_client */;

--
-- Dumping data for table `users_user_permissions`
--

LOCK TABLES `users_user_permissions` WRITE;
/*!40000 ALTER TABLE `users_user_permissions` DISABLE KEYS */;
/*!40000 ALTER TABLE `users_user_permissions` ENABLE KEYS */;
UNLOCK TABLES;
/*!40103 SET TIME_ZONE=@OLD_TIME_ZONE */;

/*!40101 SET SQL_MODE=@OLD_SQL_MODE */;
/*!40014 SET FOREIGN_KEY_CHECKS=@OLD_FOREIGN_KEY_CHECKS */;
/*!40014 SET UNIQUE_CHECKS=@OLD_UNIQUE_CHECKS */;
/*!40101 SET CHARACTER_SET_CLIENT=@OLD_CHARACTER_SET_CLIENT */;
/*!40101 SET CHARACTER_SET_RESULTS=@OLD_CHARACTER_SET_RESULTS */;
/*!40101 SET COLLATION_CONNECTION=@OLD_COLLATION_CONNECTION */;
/*!40111 SET SQL_NOTES=@OLD_SQL_NOTES */;

-- Dump completed on 2026-04-12 19:36:12
